Q0,Q1,Personal Interest      (Stage 2/3),Maintain Norms        (Stage 4),Post Conventional         (P score),N2SCORE,Type indicator,A lot more ethical,More Ethical,About the same ethical,Less ethical,Non-Eng Major,CommunityServ-VeryFreq,CommunityServ-Freq,CommunityServ-Occasionally,CommunityServ-Rarely,CommunityServ-Never,Conservative,Moderate,Liberal,Very Liberal,A lot more religious,More Religious,As Religious,Less Religious,A lot less Religious,Rural,Suburban,Urban,LowIncome,Lower-Middle Income,MiddleClass Income,Upper-MiddleClass Income,Wealthy,Languages,LivedOutsideUS,ParentEd,Siblings,MaritalStatus,Age,Gender,Race-White,Events-Social,Events-Professional,Events-Technical,Outreach-Social,Outreach-Professional,Outreach-Technical,Cabinets-Social,Cabinets-Professional,Cabinets-Technical,Competition,GlobalFocus,,,,,,
R_2XdnBgjMJLNNFOQ,1,67,33,0,2,2,0,1,0,0,0,0,0,0,0,1,0,1,0,0,0,1,0,0,0,0,1,0,0,1,0,0,0,1,1,1,1,0,19,0,0,0,1,1,0,0,1,1,0,1,0,0,,,,,,
R_2zqkzpSVpr89H2R,0,70.0,26.7,3.3,3.1,2.0,0,0,1,0,0,0,0,1,0,0,0,1,0,0,0,1,0,0,0,0,1,0,0,1,0,0,0,1,0,0,1,0,19,1,0,0,1,1,0,1,1,0,1,1,1,0,,,,,,
R_2b2XixqKiHgseFj,1,50,30,7,4,2,0,1,0,0,0,0,0,0,1,0,0,1,0,0,0,0,0,0,1,0,1,0,0,0,0,1,0,1,0,1,1,0,21,0,0,0,1,1,0,0,0,0,1,0,0,1,,,,,,
R_2b2XixqKiHgseFj,1,50,30,7,4,2,0,1,0,0,0,0,0,0,1,0,0,1,0,0,0,0,0,0,1,0,1,0,0,0,0,1,0,1,0,1,1,0,21,0,0,0,0,1,0,0,1,0,0,0,0,0,,,,,,
R_2zNEmp65ToSiooN,1,43,47,7,5,4,0,1,0,0,0,0,0,1,0,0,0,1,0,0,0,0,1,0,0,0,1,0,0,0,0,1,0,0,0,1,1,0,20,1,1,0,1,0,1,0,0,0,0,0,0,0,,,,,,
R_2zNEmp65ToSiooN,1,43,47,7,5,4,0,1,0,0,0,0,0,1,0,0,0,1,0,0,0,0,1,0,0,0,1,0,0,0,0,1,0,0,0,1,1,0,20,1,1,0,1,1,1,1,0,1,1,0,1,0,,,,,,
R_2zNEmp65ToSiooN,1,43,47,7,5,4,0,1,0,0,0,0,0,1,0,0,0,1,0,0,0,0,1,0,0,0,1,0,0,0,0,1,0,0,0,1,1,0,20,1,1,1,1,0,0,1,1,0,0,0,0,1,,,,,,
R_2zNEmp65ToSiooN,1,43,47,7,5,4,0,1,0,0,0,0,0,1,0,0,0,1,0,0,0,0,1,0,0,0,1,0,0,0,0,1,0,0,0,1,1,0,20,1,1,1,1,0,0,1,1,0,0,0,0,1,,,,,,
R_2zNEmp65ToSiooN,1,43,47,7,5,4,0,1,0,0,0,0,0,1,0,0,0,1,0,0,0,0,1,0,0,0,1,0,0,0,0,1,0,0,0,1,1,0,20,1,1,1,1,0,1,1,1,0,0,0,0,0,,,,,,
R_2zNEmp65ToSiooN,1,43,47,7,5,4,0,1,0,0,0,0,0,1,0,0,0,1,0,0,0,0,1,0,0,0,1,0,0,0,0,1,0,0,0,1,1,0,20,1,1,1,1,0,1,1,1,0,0,0,0,0,,,,,,
R_2zNEmp65ToSiooN,1,43,47,7,5,4,0,1,0,0,0,0,0,1,0,0,0,1,0,0,0,0,1,0,0,0,1,0,0,0,0,1,0,0,0,1,1,0,20,1,1,1,1,0,1,1,1,0,0,0,0,0,,,,,,
R_2zNEmp65ToSiooN,1,43,47,7,5,4,0,1,0,0,0,0,0,1,0,0,0,1,0,0,0,0,1,0,0,0,1,0,0,0,0,1,0,0,0,1,1,0,20,1,1,1,1,0,1,1,1,0,0,0,0,0,,,,,,
R_3mdBEleHp7RNWLs,0,63.3,16.7,6.7,5.9,2.0,0,1,0,0,0,0,0,1,0,0,0,0,1,0,0,1,0,0,0,0,1,0,0,0,1,0,0,0,0,1,1,0,20,1,1,1,1,1,1,1,1,1,1,1,0,1,,,,,,
R_3mdBEleHp7RNWLs,0,63.3,16.7,6.7,5.9,2.0,0,1,0,0,0,0,0,1,0,0,0,0,1,0,0,1,0,0,0,0,1,0,0,0,1,0,0,0,0,1,1,0,20,1,1,1,1,0,0,0,0,0,0,0,0,0,,,,,,
R_Ahwk0KjKfzsEAkF,1,67,23,10,7,2,1,0,0,0,0,0,0,0,1,0,1,0,0,0,0,1,0,0,0,1,0,0,0,0,0,1,0,0,0,1,1,0,20,1,1,1,1,1,0,0,0,0,0,0,1,1,,,,,,
R_Ahwk0KjKfzsEAkF,1,67,23,10,7,2,1,0,0,0,0,0,0,0,1,0,1,0,0,0,0,1,0,0,0,1,0,0,0,0,0,1,0,0,0,1,1,0,20,1,1,0,0,0,0,0,0,0,0,0,1,0,,,,,,
R_Ahwk0KjKfzsEAkF,1,67,23,10,7,2,1,0,0,0,0,0,0,0,1,0,1,0,0,0,0,1,0,0,0,1,0,0,0,0,0,1,0,0,0,1,1,0,20,1,1,1,0,0,0,0,0,0,0,0,1,0,,,,,,
R_Ahwk0KjKfzsEAkF,1,67,23,10,7,2,1,0,0,0,0,0,0,0,1,0,1,0,0,0,0,1,0,0,0,1,0,0,0,0,0,1,0,0,0,1,1,0,20,1,1,0,0,0,0,0,0,0,0,0,1,0,,,,,,
R_uymWWMQxkMpHAlj,1,60,23,17,8,2,0,0,1,0,0,0,1,0,0,0,0,1,0,0,0,1,0,0,0,0,1,0,0,0,0,1,0,0,0,1,1,0,21,1,1,0,0,0,0,0,0,0,0,0,1,0,,,,,,
R_uymWWMQxkMpHAlj,1,60,23,17,8,2,0,0,1,0,0,0,1,0,0,0,0,1,0,0,0,1,0,0,0,0,1,0,0,0,0,1,0,0,0,1,1,0,21,1,1,0,0,0,0,1,1,1,1,0,1,0,,,,,,
R_uymWWMQxkMpHAlj,1,60,23,17,8,2,0,0,1,0,0,0,1,0,0,0,0,1,0,0,0,1,0,0,0,0,1,0,0,0,0,1,0,0,0,1,1,0,21,1,1,1,0,0,0,0,0,0,0,0,1,0,,,,,,
R_uymWWMQxkMpHAlj,1,60,23,17,8,2,0,0,1,0,0,0,1,0,0,0,0,1,0,0,0,1,0,0,0,0,1,0,0,0,0,1,0,0,0,1,1,0,21,1,1,1,0,0,0,0,0,0,0,0,1,0,,,,,,
R_pFYIWcSs1ZJUEtr,1,47,50,3,8,3,0,1,0,0,0,0,0,0,0,1,0,0,0,0,0,0,0,1,0,0,1,0,0,1,0,0,0,0,0,0,1,1,30,0,1,0,0,1,0,0,0,0,0,0,1,1,,,,,,
R_205tYAalvKUHiHn,0,66.7,0.0,10.0,9.6,2.0,0,1,0,0,0,0,0,1,0,0,0,1,0,0,0,1,0,0,0,0,1,0,0,0,0,1,0,0,0,1,1,0,18,0,0,1,1,1,0,0,0,0,1,1,0,0,,,,,,
R_205tYAalvKUHiHn,0,66.7,0.0,10.0,9.6,2.0,0,1,0,0,0,0,0,1,0,0,0,1,0,0,0,1,0,0,0,0,1,0,0,0,0,1,0,0,0,1,1,0,18,0,0,1,1,1,0,0,0,1,1,1,0,0,,,,,,
R_phEZpwXtgj1ZrQB,1,47,40,13,10,2,0,1,0,0,0,0,0,0,1,0,1,0,0,0,1,0,0,0,0,1,0,0,0,1,0,0,0,0,0,1,1,0,22,0,1,0,0,0,0,1,1,1,1,0,1,0,,,,,,
R_1OjmLp3zA2Kx3QN,1,57,30,7,11,2,0,0,1,0,0,0,0,0,1,0,0,1,0,0,0,0,0,0,1,0,1,0,0,0,0,1,0,0,0,1,1,0,18,1,1,0,1,1,0,0,0,0,1,0,0,1,,,,,,
R_uknljdPij6VazYt,1,53,20,20,11,2,0,1,0,0,0,0,0,1,0,0,0,0,0,0,1,0,0,0,0,0,0,1,0,1,0,0,0,1,1,1,1,1,20,0,0,0,0,0,0,0,0,0,0,0,1,0,,,,,,
R_1LTI6KGw8Ep3UWl,1,43,20,27,11,2,0,0,1,0,0,0,0,0,0,1,0,0,0,1,0,0,1,0,0,0,1,0,0,0,0,1,0,1,1,1,1,0,20,1,0,0,0,1,0,0,1,0,0,0,0,0,,,,,,
R_21nAoFEJyvqevvH,0,70.0,13.3,13.3,11.5,2.0,0,1,0,0,0,0,0,0,1,0,1,0,0,0,1,0,0,0,0,0,1,0,0,1,0,0,0,1,0,1,1,0,20,1,0,1,1,0,1,0,0,0,1,0,0,0,,,,,,
R_4PaTEbMcqph7u7f,1,60,30,3,12,2,0,0,1,0,0,0,0,0,0,1,0,0,0,0,0,1,0,0,0,0,1,0,0,0,1,0,0,0,0,1,1,0,19,0,1,0,1,0,0,0,0,1,1,0,0,0,,,,,,
R_6QAgzDYKQScjNKx,1,37,40,23,13,3,0,0,1,0,0,0,0,0,0,1,0,1,0,0,0,0,0,1,0,1,0,0,0,1,0,0,0,0,0,1,1,0,19,0,1,1,1,1,0,1,0,1,1,1,0,1,,,,,,
R_6QAgzDYKQScjNKx,1,37,40,23,13,3,0,0,1,0,0,0,0,0,0,1,0,1,0,0,0,0,0,1,0,1,0,0,0,1,0,0,0,0,0,1,1,0,19,0,1,0,1,1,0,0,0,1,1,0,1,0,,,,,,
R_8e6Zf7XdI4yESQx,0,53.3,23.3,10.0,13.1,2.0,0,0,1,0,0,0,1,0,0,0,0,0,1,0,0,0,0,1,0,0,1,0,0,0,0,1,0,1,0,1,1,0,20,0,0,0,0,0,0,0,0,1,1,1,0,0,,,,,,
R_8e6Zf7XdI4yESQx,0,53.3,23.3,10.0,13.1,2.0,0,0,1,0,0,0,1,0,0,0,0,0,1,0,0,0,0,1,0,0,1,0,0,0,0,1,0,1,0,1,1,0,20,0,0,0,0,0,0,0,0,1,1,1,0,0,,,,,,
R_8e6Zf7XdI4yESQx,0,53.3,23.3,10.0,13.1,2.0,0,0,1,0,0,0,1,0,0,0,0,0,1,0,0,0,0,1,0,0,1,0,0,0,0,1,0,1,0,1,1,0,20,0,0,0,0,0,0,0,0,1,1,1,0,0,,,,,,
R_8e6Zf7XdI4yESQx,0,53.3,23.3,10.0,13.1,2.0,0,0,1,0,0,0,1,0,0,0,0,0,1,0,0,0,0,1,0,0,1,0,0,0,0,1,0,1,0,1,1,0,20,0,0,0,0,0,0,0,0,1,1,1,0,0,,,,,,
R_8e6Zf7XdI4yESQx,0,53.3,23.3,10.0,13.1,2.0,0,0,1,0,0,0,1,0,0,0,0,0,1,0,0,0,0,1,0,0,1,0,0,0,0,1,0,1,0,1,1,0,20,0,0,1,1,1,0,0,0,1,1,1,0,0,,,,,,
R_8e6Zf7XdI4yESQx,0,53.3,23.3,10.0,13.1,2.0,0,0,1,0,0,0,1,0,0,0,0,0,1,0,0,0,0,1,0,0,1,0,0,0,0,1,0,1,0,1,1,0,20,0,0,0,1,1,1,1,1,0,1,1,1,0,,,,,,
R_8e6Zf7XdI4yESQx,0,53.3,23.3,10.0,13.1,2.0,0,0,1,0,0,0,1,0,0,0,0,0,1,0,0,0,0,1,0,0,1,0,0,0,0,1,0,1,0,1,1,0,20,0,0,1,1,1,0,0,0,1,1,1,0,0,,,,,,
R_8e6Zf7XdI4yESQx,0,53.3,23.3,10.0,13.1,2.0,0,0,1,0,0,0,1,0,0,0,0,0,1,0,0,0,0,1,0,0,1,0,0,0,0,1,0,1,0,1,1,0,20,0,0,1,1,1,0,1,1,0,1,1,0,0,,,,,,
R_2w0iZRhI7RjSkR6,1,20,67,10,14,3,0,0,1,0,0,0,0,0,1,0,0,0,0,0,0,1,0,0,0,1,0,0,0,0,1,0,0,0,0,1,1,0,22,0,1,0,1,1,0,0,0,1,1,0,1,0,,,,,,
R_Z9UdkLvmaMU4vFD,1,40,30,7,14,2,0,1,0,0,0,0,0,0,0,0,0,0,1,0,0,0,0,0,1,1,0,0,0,0,1,0,0,1,0,1,1,0,19,1,0,0,0,0,0,0,0,0,0,0,1,0,,,,,,
R_T7PxlKruNAUpaV3,1,40,40,17,14,3,0,1,0,0,0,0,0,0,1,0,0,1,0,0,0,1,0,0,0,0,1,0,0,0,1,0,0,0,0,1,1,0,20,1,1,0,1,0,0,1,1,1,1,0,1,1,,,,,,
R_T7PxlKruNAUpaV3,1,40,40,17,14,3,0,1,0,0,0,0,0,0,1,0,0,1,0,0,0,1,0,0,0,0,1,0,0,0,1,0,0,0,0,1,1,0,20,1,1,1,0,0,0,0,0,0,0,0,1,0,,,,,,
R_xDvw3KL7Kbn0cpz,0,30.0,43.3,10.0,14.1,3.0,0,0,1,0,0,0,0,0,1,0,0,1,0,0,0,0,0,0,0,0,1,0,0,0,1,0,0,0,0,1,1,0,21,0,1,0,0,0,0,0,0,1,1,1,0,0,,,,,,
R_1nUPZE3j0tukXDJ,1,73,7,20,14,1,0,1,0,0,0,0,0,0,0,1,0,0,1,0,0,0,0,1,0,0,1,0,0,0,0,1,0,0,0,1,1,0,20,0,1,0,1,1,0,0,0,0,1,0,0,1,,,,,,
R_1nUPZE3j0tukXDJ,1,73,7,20,14,1,0,1,0,0,0,0,0,0,0,1,0,0,1,0,0,0,0,1,0,0,1,0,0,0,0,1,0,0,0,1,1,0,20,0,1,0,1,1,0,0,0,0,1,1,0,0,,,,,,
R_1nUPZE3j0tukXDJ,1,73,7,20,14,1,0,1,0,0,0,0,0,0,0,1,0,0,1,0,0,0,0,1,0,0,1,0,0,0,0,1,0,0,0,1,1,0,20,0,1,1,1,0,1,1,1,0,0,0,0,0,,,,,,
R_1nUPZE3j0tukXDJ,1,73,7,20,14,1,0,1,0,0,0,0,0,0,0,1,0,0,1,0,0,0,0,1,0,0,1,0,0,0,0,1,0,0,0,1,1,0,20,0,1,1,1,0,1,1,1,0,0,0,0,0,,,,,,
R_SIxPqm0k1JTifId,1,30,33,27,15,3,0,1,0,0,0,0,0,0,1,0,0,0,0,0,0,1,0,0,0,1,0,0,0,0,0,1,0,0,0,1,1,0,19,0,1,0,0,0,1,1,0,1,0,1,1,1,,,,,,
R_SIxPqm0k1JTifId,1,30,33,27,15,3,0,1,0,0,0,0,0,0,1,0,0,0,0,0,0,1,0,0,0,1,0,0,0,0,0,1,0,0,0,1,1,0,19,0,1,0,0,0,0,1,1,1,1,0,1,0,,,,,,
R_3oHDa36JUf9DlVS,0,50.0,16.7,23.3,15.4,2.0,0,0,1,0,0,0,0,0,1,0,0,0,0,0,0,0,0,0,1,0,1,0,0,0,0,1,0,1,0,1,1,0,20,1,0,0,0,0,0,0,0,0,1,1,0,1,,,,,,
R_3Cc6pHcwO1Sq75L,1,47,20,33,16,2,0,1,0,0,0,0,0,0,1,0,1,0,0,0,0,1,0,0,0,0,1,0,0,0,0,1,0,0,0,1,1,0,18,0,1,0,1,1,0,0,0,1,1,0,1,0,,,,,,
R_x4SmwKLP4PJvIEp,1,37,37,17,16,3,0,0,1,0,0,0,0,0,0,1,0,1,0,0,0,1,0,0,0,1,0,0,0,0,1,0,0,0,0,1,1,0,19,1,1,1,0,0,0,0,0,0,0,0,1,0,,,,,,
R_1ooINjj9A5cbHq8,1,33,27,30,16,2,0,0,1,0,0,0,0,0,1,0,1,0,0,0,0,0,0,1,0,0,1,0,0,0,0,1,0,0,0,1,1,0,19,0,1,0,1,0,0,0,0,1,1,0,0,0,,,,,,
R_vUoTrk35M8tkciR,0,20.0,63.3,16.7,16.2,3.0,0,0,1,0,0,0,0,0,1,0,0,0,1,0,0,0,0,1,0,0,1,0,0,0,0,1,0,0,1,1,1,1,36,1,1,0,1,1,0,1,1,0,1,1,1,0,,,,,,
R_3k6VLpQqM836sRa,1,50,17,33,16,2,0,0,1,0,0,0,0,0,0,1,0,0,0,0,0,0,1,0,0,0,0,1,0,0,1,0,0,1,1,1,1,0,21,1,0,1,1,1,0,0,0,0,0,0,1,1,,,,,,
R_3k6VLpQqM836sRa,1,50,17,33,16,2,0,0,1,0,0,0,0,0,0,1,0,0,0,0,0,0,1,0,0,0,0,1,0,0,1,0,0,1,1,1,1,0,21,1,0,1,1,0,0,1,1,0,0,0,0,1,,,,,,
R_2DY6UOXHZhYzY6f,1,37,30,20,17,2,1,0,0,0,0,0,0,1,0,0,1,0,0,0,0,1,0,0,0,1,0,0,0,0,0,1,0,0,0,1,1,0,20,0,1,0,1,0,0,1,0,1,1,0,0,0,,,,,,
R_2DY6UOXHZhYzY6f,1,37,30,20,17,2,1,0,0,0,0,0,0,1,0,0,1,0,0,0,0,1,0,0,0,1,0,0,0,0,0,1,0,0,0,1,1,0,20,0,1,0,1,1,0,0,0,0,1,1,0,0,,,,,,
R_1hFlCyyZPw30UlA,1,60,27,13,18,2,0,1,0,0,0,1,1,0,0,0,0,0,0,0,0,1,0,0,0,0,1,0,0,0,0,0,0,1,0,1,1,0,23,0,0,0,1,1,0,0,0,0,0,0,1,0,,,,,,
R_1hFlCyyZPw30UlA,1,60,27,13,18,2,0,1,0,0,0,1,1,0,0,0,0,0,0,0,0,1,0,0,0,0,1,0,0,0,0,0,0,1,0,1,1,0,23,0,0,0,1,0,0,1,0,1,1,0,0,0,,,,,,
R_1HnOnbCchMo7Kmn,1,33,23,20,18,2,0,0,1,0,0,0,0,0,0,1,0,1,0,0,0,0,1,0,0,0,1,0,0,0,0,1,0,0,0,1,1,0,18,0,1,1,1,1,0,1,0,1,1,1,0,1,,,,,,
R_3MR5v6KCG7LYT06,1,50,20,23,18,1,0,1,0,0,0,0,0,0,1,0,0,0,1,0,0,0,1,0,0,0,0,1,0,0,0,1,0,0,0,1,1,0,20,0,1,0,0,0,0,0,0,0,1,0,0,0,,,,,,
R_Tjb389trnNXYayt,1,47,30,23,18,2,0,1,0,0,0,0,0,0,1,0,0,1,0,0,1,0,0,0,0,0,1,0,0,0,1,0,0,1,1,1,1,0,18,0,0,1,0,1,1,1,1,1,1,1,1,1,,,,,,
R_Tjb389trnNXYayt,1,47,30,23,18,2,0,1,0,0,0,0,0,0,1,0,0,1,0,0,1,0,0,0,0,0,1,0,0,0,1,0,0,1,1,1,1,0,18,0,0,0,0,0,0,1,1,1,1,0,1,0,,,,,,
R_Tjb389trnNXYayt,1,47,30,23,18,2,0,1,0,0,0,0,0,0,1,0,0,1,0,0,1,0,0,0,0,0,1,0,0,0,1,0,0,1,1,1,1,0,18,0,0,0,0,0,0,1,1,1,1,0,1,0,,,,,,
R_Tjb389trnNXYayt,1,47,30,23,18,2,0,1,0,0,0,0,0,0,1,0,0,1,0,0,1,0,0,0,0,0,1,0,0,0,1,0,0,1,1,1,1,0,18,0,0,0,1,1,1,0,0,0,0,1,0,1,,,,,,
R_3dQtYIwFm5Qa5Q1,1,23,47,17,19,3,0,1,0,0,0,0,0,0,1,0,0,1,0,0,0,0,1,0,0,0,1,0,0,0,0,1,0,0,0,1,1,0,18,0,1,0,1,0,0,0,0,1,1,0,0,0,,,,,,
R_Om8AvkNbjFr7zu9,0,36.7,36.7,26.7,18.9,3.0,0,1,0,0,0,0,0,0,1,0,0,0,1,0,1,0,0,0,0,0,1,0,0,0,1,0,0,1,1,0,0,0,18,0,0,0,0,0,0,0,0,1,1,1,0,0,,,,,,
R_Om8AvkNbjFr7zu9,0,36.7,36.7,26.7,18.9,3.0,0,1,0,0,0,0,0,0,1,0,0,0,1,0,1,0,0,0,0,0,1,0,0,0,1,0,0,1,1,0,0,0,18,0,0,0,0,0,0,0,0,1,1,1,0,0,,,,,,
R_Om8AvkNbjFr7zu9,0,36.7,36.7,26.7,18.9,3.0,0,1,0,0,0,0,0,0,1,0,0,0,1,0,1,0,0,0,0,0,1,0,0,0,1,0,0,1,1,0,0,0,18,0,0,0,0,0,0,0,0,1,1,1,0,0,,,,,,
R_Om8AvkNbjFr7zu9,0,36.7,36.7,26.7,18.9,3.0,0,1,0,0,0,0,0,0,1,0,0,0,1,0,1,0,0,0,0,0,1,0,0,0,1,0,0,1,1,0,0,0,18,0,0,0,0,0,0,0,0,1,1,1,0,0,,,,,,
R_Om8AvkNbjFr7zu9,0,36.7,36.7,26.7,18.9,3.0,0,1,0,0,0,0,0,0,1,0,0,0,1,0,1,0,0,0,0,0,1,0,0,0,1,0,0,1,1,0,0,0,18,0,0,1,1,1,0,0,0,1,1,1,0,0,,,,,,
R_Om8AvkNbjFr7zu9,0,36.7,36.7,26.7,18.9,3.0,0,1,0,0,0,0,0,0,1,0,0,0,1,0,1,0,0,0,0,0,1,0,0,0,1,0,0,1,1,0,0,0,18,0,0,1,1,1,0,0,0,1,1,1,0,0,,,,,,
R_Om8AvkNbjFr7zu9,0,36.7,36.7,26.7,18.9,3.0,0,1,0,0,0,0,0,0,1,0,0,0,1,0,1,0,0,0,0,0,1,0,0,0,1,0,0,1,1,0,0,0,18,0,0,1,1,1,0,1,1,0,1,1,0,0,,,,,,
R_Om8AvkNbjFr7zu9,0,36.7,36.7,26.7,18.9,3.0,0,1,0,0,0,0,0,0,1,0,0,0,1,0,1,0,0,0,0,0,1,0,0,0,1,0,0,1,1,0,0,0,18,0,0,1,1,0,1,0,0,0,1,0,0,0,,,,,,
R_3E9ZSEOCcKx5MJe,1,43,27,17,19,2,0,0,1,0,0,0,0,1,0,0,0,0,0,0,0,1,0,0,0,0,1,0,0,0,0,1,0,0,0,1,1,0,21,1,1,0,1,0,0,0,0,0,0,1,0,1,,,,,,
R_2zf4qN0gHZbuNIk,1,47,27,13,19,2,0,0,1,0,0,0,0,0,1,0,0,1,0,0,0,0,0,1,0,0,1,0,0,0,1,0,0,0,0,1,1,0,19,0,1,0,1,0,0,0,0,1,1,0,0,0,,,,,,
R_2zf4qN0gHZbuNIk,1,47,27,13,19,2,0,0,1,0,0,0,0,0,1,0,0,1,0,0,0,0,0,1,0,0,1,0,0,0,1,0,0,0,0,1,1,0,19,0,1,0,0,1,0,1,1,0,0,1,1,0,,,,,,
R_0JHSGkuNcFutUSB,1,43,50,7,20,3,0,1,0,0,0,0,0,0,1,0,1,0,0,0,0,0,0,1,0,1,0,0,0,1,0,0,0,0,0,0,1,0,19,0,1,0,0,1,0,1,1,0,0,1,1,0,,,,,,
R_1FzdzTBn9fcvf00,1,53,20,23,20,2,0,0,1,0,0,0,0,0,1,0,0,0,0,0,0,0,0,1,0,0,1,0,0,0,1,0,0,0,0,1,1,0,21,0,1,0,0,1,0,0,1,0,0,1,0,1,,,,,,
R_3HNbUqHc6JGVwN8,1,30,43,17,20,3,0,1,0,0,0,0,0,1,0,0,0,0,0,0,1,0,0,0,0,0,0,1,0,0,0,1,0,1,1,0,1,0,23,0,0,0,1,0,0,0,0,0,1,0,0,0,,,,,,
R_3HNbUqHc6JGVwN8,1,30,43,17,20,3,0,1,0,0,0,0,0,1,0,0,0,0,0,0,1,0,0,0,0,0,0,1,0,0,0,1,0,1,1,0,1,0,23,0,0,0,1,1,0,0,0,0,1,1,0,0,,,,,,
R_1dn8aU2cwzzJHe1,0,53.3,16.7,30.0,20.1,2.0,0,1,0,0,0,0,0,1,0,0,0,0,1,0,0,1,0,0,0,0,1,0,0,0,0,1,0,1,1,1,1,0,18,1,1,1,1,1,1,1,1,1,1,1,0,1,,,,,,
R_1K8RvzE2qQx7ecC,0,56.7,13.3,26.7,20.2,2.0,0,0,1,0,0,0,0,0,1,0,0,0,0,1,0,0,0,0,1,1,0,0,0,1,0,0,0,0,0,0,1,0,20,0,1,0,1,1,0,1,1,0,1,1,1,0,,,,,,
R_1jpiFWG3lxKEGhw,1,37,27,23,21,2,0,0,1,0,0,0,0,0,1,0,0,1,0,0,0,0,0,1,0,0,0,1,1,0,0,0,0,1,0,0,1,0,18,0,0,0,0,0,0,0,0,0,0,1,0,0,,,,,,
R_1jpiFWG3lxKEGhw,1,37,27,23,21,2,0,0,1,0,0,0,0,0,1,0,0,1,0,0,0,0,0,1,0,0,0,1,1,0,0,0,0,1,0,0,1,0,18,0,0,0,0,0,0,1,0,0,0,0,0,0,,,,,,
R_1jpiFWG3lxKEGhw,1,37,27,23,21,2,0,0,1,0,0,0,0,0,1,0,0,1,0,0,0,0,0,1,0,0,0,1,1,0,0,0,0,1,0,0,1,0,18,0,0,0,0,1,1,1,1,1,1,0,0,0,,,,,,
R_1jpiFWG3lxKEGhw,1,37,27,23,21,2,0,0,1,0,0,0,0,0,1,0,0,1,0,0,0,0,0,1,0,0,0,1,1,0,0,0,0,1,0,0,1,0,18,0,0,0,0,0,0,1,0,0,0,0,0,0,,,,,,
R_wMjjTnsgfHvRBWF,1,47,13,27,21,2,0,0,1,0,0,0,0,0,1,0,0,1,0,0,0,0,0,1,0,0,1,0,0,0,1,0,0,0,0,1,1,0,20,0,1,0,0,0,0,0,1,0,1,0,0,0,,,,,,
R_wMjjTnsgfHvRBWF,1,47,13,27,21,2,0,0,1,0,0,0,0,0,1,0,0,1,0,0,0,0,0,1,0,0,1,0,0,0,1,0,0,0,0,1,1,0,20,0,1,0,0,1,0,0,1,0,1,0,1,0,,,,,,
R_wMjjTnsgfHvRBWF,1,47,13,27,21,2,0,0,1,0,0,0,0,0,1,0,0,1,0,0,0,0,0,1,0,0,1,0,0,0,1,0,0,0,0,1,1,0,20,0,1,0,0,0,0,1,1,1,1,0,1,0,,,,,,
R_wMjjTnsgfHvRBWF,1,47,13,27,21,2,0,0,1,0,0,0,0,0,1,0,0,1,0,0,0,0,0,1,0,0,1,0,0,0,1,0,0,0,0,1,1,0,20,0,1,0,0,1,0,0,1,0,1,0,1,0,,,,,,
R_1lbEe7O6PhFL4Jd,1,60,3,23,21,1,0,1,0,0,0,0,0,0,1,0,0,1,0,0,0,1,0,0,0,1,0,0,0,0,0,1,0,0,0,1,1,0,18,0,1,1,1,1,0,1,0,1,1,1,0,1,,,,,,
R_248kr14aeIkeKMM,0,60.0,16.7,20.0,21.2,2.0,0,0,1,0,0,0,0,1,0,0,0,0,1,0,0,0,0,0,1,0,1,0,0,0,0,1,0,1,0,1,0,0,18,1,0,0,1,1,0,1,1,0,1,1,1,0,,,,,,
R_248kr14aeIkeKMM,0,60.0,16.7,20.0,21.2,2.0,0,0,1,0,0,0,0,1,0,0,0,0,1,0,0,0,0,0,1,0,1,0,0,0,0,1,0,1,0,1,0,0,18,1,0,0,1,0,0,0,0,1,1,1,0,0,,,,,,
R_cVeESEeH95FTEAx,1,60,13,20,21,2,0,0,1,0,0,0,0,0,1,0,0,1,0,0,0,0,0,1,0,0,1,0,0,0,0,1,0,0,0,1,1,0,20,0,1,0,0,0,1,0,1,0,1,1,1,0,,,,,,
R_cVeESEeH95FTEAx,1,60,13,20,21,2,0,0,1,0,0,0,0,0,1,0,0,1,0,0,0,0,0,1,0,0,1,0,0,0,0,1,0,0,0,1,1,0,20,0,1,0,1,1,1,0,0,0,0,1,1,1,,,,,,
R_OCrpxKLki0z5K0N,1,60,17,20,22,2,0,1,0,0,0,0,0,0,1,0,0,1,0,0,0,0,1,0,0,0,1,0,0,0,0,1,0,0,0,1,1,0,18,1,1,1,0,0,0,0,0,0,0,0,1,0,,,,,,
R_2ZOaWgRftU8WYR5,0,43.3,43.3,13.3,21.6,4.0,0,1,0,0,0,0,0,0,1,0,0,0,1,0,1,0,0,0,0,0,1,0,0,0,1,0,0,1,1,0,0,0,18,0,0,0,0,0,0,0,0,1,1,1,0,0,,,,,,
R_2ZOaWgRftU8WYR5,0,43.3,43.3,13.3,21.6,4.0,0,1,0,0,0,0,0,0,1,0,0,0,1,0,1,0,0,0,0,0,1,0,0,0,1,0,0,1,1,0,0,0,18,0,0,0,0,0,0,0,0,1,1,1,0,0,,,,,,
R_2ZOaWgRftU8WYR5,0,43.3,43.3,13.3,21.6,4.0,0,1,0,0,0,0,0,0,1,0,0,0,1,0,1,0,0,0,0,0,1,0,0,0,1,0,0,1,1,0,0,0,18,0,0,0,0,0,0,0,0,1,1,1,0,0,,,,,,
R_2ZOaWgRftU8WYR5,0,43.3,43.3,13.3,21.6,4.0,0,1,0,0,0,0,0,0,1,0,0,0,1,0,1,0,0,0,0,0,1,0,0,0,1,0,0,1,1,0,0,0,18,0,0,0,0,0,0,0,0,1,1,1,0,0,,,,,,
R_2ZOaWgRftU8WYR5,0,43.3,43.3,13.3,21.6,4.0,0,1,0,0,0,0,0,0,1,0,0,0,1,0,1,0,0,0,0,0,1,0,0,0,1,0,0,1,1,0,0,0,18,0,0,1,1,1,0,0,0,1,1,1,0,0,,,,,,
R_2ZOaWgRftU8WYR5,0,43.3,43.3,13.3,21.6,4.0,0,1,0,0,0,0,0,0,1,0,0,0,1,0,1,0,0,0,0,0,1,0,0,0,1,0,0,1,1,0,0,0,18,0,0,1,1,1,0,0,0,1,1,1,0,0,,,,,,
R_2ZOaWgRftU8WYR5,0,43.3,43.3,13.3,21.6,4.0,0,1,0,0,0,0,0,0,1,0,0,0,1,0,1,0,0,0,0,0,1,0,0,0,1,0,0,1,1,0,0,0,18,0,0,1,1,1,0,1,1,0,1,1,0,0,,,,,,
R_2ZOaWgRftU8WYR5,0,43.3,43.3,13.3,21.6,4.0,0,1,0,0,0,0,0,0,1,0,0,0,1,0,1,0,0,0,0,0,1,0,0,0,1,0,0,1,1,0,0,0,18,0,0,1,1,0,1,0,0,0,1,0,0,0,,,,,,
R_27wlixzSpHsJQWH,1,23,50,27,22,5,0,0,1,0,0,0,0,0,0,1,0,1,0,0,0,1,0,0,0,1,0,0,0,0,1,0,0,0,0,1,1,0,24,0,1,0,0,0,0,0,0,0,1,0,0,0,,,,,,
R_3fcMzEEHnIsPoe7,1,43,10,30,22,2,0,1,0,0,0,1,0,0,0,1,0,0,1,0,0,1,0,0,0,0,1,0,0,1,0,0,0,0,0,1,1,0,19,1,1,0,1,0,0,1,0,0,0,1,0,0,,,,,,
R_2R1HkxCjCztTO4y,1,43,23,27,22,2,0,0,1,0,0,0,0,0,0,1,0,0,0,1,0,0,0,0,1,0,1,0,0,0,0,0,1,0,0,1,1,0,20,0,1,1,1,1,0,0,0,0,0,0,1,1,,,,,,
R_UzMqEukJbM5othf,1,27,37,37,22,6,0,1,0,0,0,0,0,0,0,1,0,1,0,0,0,0,0,1,0,1,0,0,0,0,1,0,0,0,1,1,1,0,19,0,1,0,1,1,0,1,1,1,1,0,1,1,,,,,,
R_2wvpL2hOZH6ap1x,0,36.7,30.0,20.0,22.3,2.0,0,1,0,0,0,0,0,0,0,1,0,0,0,1,0,0,0,0,1,0,0,1,0,0,0,1,0,0,1,1,1,0,19,0,1,1,1,1,0,0,0,0,1,1,0,0,,,,,,
R_3JqKPaGZeO8dTD9,1,20,40,37,22,5,0,1,0,0,0,0,0,0,0,1,0,1,0,0,0,1,0,0,0,0,1,0,0,0,1,0,0,0,0,1,1,0,18,0,1,0,0,1,0,1,1,0,0,1,1,0,,,,,,
R_XNSwKcp2jC3fBlf,1,43,23,23,22,1,0,1,0,0,0,0,1,0,0,0,0,0,0,1,0,0,0,0,1,0,0,1,1,0,0,0,0,0,0,0,1,0,18,1,1,1,0,0,0,0,0,0,0,0,1,0,,,,,,
R_1jlAcgubiI3ZWJS,1,30,47,23,22,3,0,1,0,0,0,0,0,0,0,1,1,0,0,0,0,1,0,0,0,0,1,0,0,0,1,0,0,0,1,1,1,1,27,0,1,0,1,0,0,0,0,0,0,1,0,1,,,,,,
R_1jlAcgubiI3ZWJS,1,30,47,23,22,3,0,1,0,0,0,0,0,0,0,1,1,0,0,0,0,1,0,0,0,0,1,0,0,0,1,0,0,0,1,1,1,1,27,0,1,0,1,0,0,0,0,0,0,0,1,0,,,,,,
R_1dMJj5s7zbryYap,0,30.0,46.7,23.3,22.5,3.0,0,1,0,0,0,0,0,0,0,1,0,1,0,0,0,0,1,0,0,0,1,0,0,0,0,1,0,0,0,1,0,0,20,1,1,1,1,1,1,1,1,1,1,1,0,1,,,,,,
R_1eVQjw7qvAfZl6D,1,40,40,20,23,3,0,1,0,0,0,0,0,0,1,0,0,1,0,0,0,0,0,0,1,0,0,1,0,0,0,1,0,1,1,1,1,0,21,0,0,1,1,1,0,0,0,0,0,0,1,1,,,,,,
R_2QhCD8BlImQ7ocm,0,40.0,26.7,33.3,22.8,2.0,0,0,1,0,0,0,0,1,0,0,1,0,0,0,1,0,0,0,0,1,0,0,0,0,1,0,0,0,0,1,0,0,19,1,1,0,1,1,0,1,1,0,1,1,1,0,,,,,,
R_TtnLCB0x9zJA15D,1,20,43,30,23,5,1,0,0,0,0,0,0,0,1,0,1,0,0,0,0,1,0,0,0,1,0,0,0,0,1,0,0,0,0,1,1,0,20,1,1,1,0,0,0,0,0,0,0,0,1,0,,,,,,
R_TtnLCB0x9zJA15D,1,20,43,30,23,5,1,0,0,0,0,0,0,0,1,0,1,0,0,0,0,1,0,0,0,1,0,0,0,0,1,0,0,0,0,1,1,0,20,1,1,0,0,0,0,0,0,0,0,0,1,0,,,,,,
R_32OX2Xqhq4FXUEZ,1,40,27,33,23,2,0,0,1,0,0,0,0,0,1,0,0,1,0,0,1,0,0,0,0,0,1,0,0,0,0,1,0,0,0,1,1,0,18,0,1,0,1,1,1,1,0,1,1,0,1,0,,,,,,
R_2TFqwyk8qas1H4v,1,17,33,37,23,6,0,0,1,0,0,0,0,0,0,1,1,0,0,0,0,0,1,0,0,0,1,0,0,0,1,0,0,0,0,1,1,0,18,0,1,0,1,0,0,0,0,1,1,0,0,0,,,,,,
R_1pmmszr3xl6RVrq,1,3,57,27,23,5,0,0,1,0,0,0,0,0,1,0,1,0,0,0,0,0,1,0,0,0,1,0,0,0,0,1,0,0,0,1,1,0,22,1,1,0,1,0,0,0,0,1,1,0,0,0,,,,,,
R_1pmmszr3xl6RVrq,1,3,57,27,23,5,0,0,1,0,0,0,0,0,1,0,1,0,0,0,0,0,1,0,0,0,1,0,0,0,0,1,0,0,0,1,1,0,22,1,1,1,1,0,0,1,1,0,0,0,0,1,,,,,,
R_1pmmszr3xl6RVrq,1,3,57,27,23,5,0,0,1,0,0,0,0,0,1,0,1,0,0,0,0,0,1,0,0,0,1,0,0,0,0,1,0,0,0,1,1,0,22,1,1,0,1,0,0,0,0,0,1,0,1,0,,,,,,
R_1pmmszr3xl6RVrq,1,3,57,27,23,5,0,0,1,0,0,0,0,0,1,0,1,0,0,0,0,0,1,0,0,0,1,0,0,0,0,1,0,0,0,1,1,0,22,1,1,1,1,0,0,1,1,0,0,0,0,1,,,,,,
R_3EnaDW9NASiW9PB,0,43.3,13.3,33.3,23.1,2.0,0,0,1,0,0,0,0,0,0,1,0,0,1,0,1,0,0,0,0,0,1,0,0,0,1,0,0,1,0,1,1,0,19,1,0,0,1,1,0,1,1,0,1,1,0,1,,,,,,
R_241v2nBkeRtOdi3,1,47,30,23,23,2,1,0,0,0,0,0,0,0,0,1,0,1,0,0,0,0,0,1,0,0,1,0,0,0,1,0,0,0,0,1,1,0,20,0,1,1,1,1,0,1,0,1,1,1,0,1,,,,,,
R_3G1UXGbedTiDenc,0,30.0,46.7,20.0,23.3,3.0,1,0,0,0,0,0,0,1,0,0,0,0,1,0,0,0,0,0,1,0,1,0,0,0,1,0,0,1,1,1,1,0,20,1,0,0,1,1,0,1,1,0,1,1,0,0,,,,,,
R_sIsR1hvN0gC5Kcp,1,37,17,33,23,2,0,1,0,0,0,0,0,1,0,0,0,0,0,1,0,1,0,0,0,0,1,0,0,0,1,0,0,1,0,0,1,0,20,1,1,0,0,0,0,1,1,1,1,0,1,0,,,,,,
R_O9gAZiNd66jeHEl,1,50,23,23,24,2,0,1,0,0,0,0,0,0,1,0,0,1,0,0,0,0,1,0,0,0,1,0,0,0,0,1,0,0,0,1,1,0,18,0,1,0,0,0,0,1,1,1,1,0,1,0,,,,,,
R_tLmJIVVrS1OTeF3,1,30,23,23,24,2,1,0,0,0,0,0,0,0,1,0,0,0,0,0,0,1,0,0,0,0,1,0,0,0,0,1,0,0,0,1,1,0,22,0,1,0,1,1,1,0,0,0,0,1,0,1,,,,,,
R_24dAjduip2NUb49,0,60.0,10.0,23.3,23.8,2.0,0,1,0,0,0,0,1,0,0,0,0,1,0,0,0,1,0,0,0,0,1,0,0,0,0,1,0,1,1,1,1,0,19,1,0,0,0,0,0,0,0,1,1,1,0,0,,,,,,
R_24dAjduip2NUb49,0,60.0,10.0,23.3,23.8,2.0,0,1,0,0,0,0,1,0,0,0,0,1,0,0,0,1,0,0,0,0,1,0,0,0,0,1,0,1,1,1,1,0,19,1,0,0,0,0,0,0,0,1,1,1,0,0,,,,,,
R_24dAjduip2NUb49,0,60.0,10.0,23.3,23.8,2.0,0,1,0,0,0,0,1,0,0,0,0,1,0,0,0,1,0,0,0,0,1,0,0,0,0,1,0,1,1,1,1,0,19,1,0,0,1,1,0,0,0,0,1,1,0,0,,,,,,
R_24dAjduip2NUb49,0,60.0,10.0,23.3,23.8,2.0,0,1,0,0,0,0,1,0,0,0,0,1,0,0,0,1,0,0,0,0,1,0,0,0,0,1,0,1,1,1,1,0,19,1,0,0,1,1,0,0,0,0,1,1,1,0,,,,,,
R_2an4wpr2jyZru0u,0,40.0,23.3,30.0,23.8,2.0,0,0,0,1,0,0,1,0,0,0,0,1,0,0,0,0,1,0,0,0,1,0,0,0,1,0,0,0,0,1,1,0,18,1,0,0,1,1,0,1,1,0,1,1,0,0,,,,,,
R_2an4wpr2jyZru0u,0,40.0,23.3,30.0,23.8,2.0,0,0,0,1,0,0,1,0,0,0,0,1,0,0,0,0,1,0,0,0,1,0,0,0,1,0,0,0,0,1,1,0,18,1,0,0,1,1,0,1,1,0,1,1,0,0,,,,,,
R_2an4wpr2jyZru0u,0,40.0,23.3,30.0,23.8,2.0,0,0,0,1,0,0,1,0,0,0,0,1,0,0,0,0,1,0,0,0,1,0,0,0,1,0,0,0,0,1,1,0,18,1,0,0,1,1,1,1,1,0,1,1,1,0,,,,,,
R_2an4wpr2jyZru0u,0,40.0,23.3,30.0,23.8,2.0,0,0,0,1,0,0,1,0,0,0,0,1,0,0,0,0,1,0,0,0,1,0,0,0,1,0,0,0,0,1,1,0,18,1,0,0,1,1,1,1,1,0,1,1,1,0,,,,,,
R_2an4wpr2jyZru0u,0,40.0,23.3,30.0,23.8,2.0,0,0,0,1,0,0,1,0,0,0,0,1,0,0,0,0,1,0,0,0,1,0,0,0,1,0,0,0,0,1,1,0,18,1,0,0,1,1,0,1,1,0,1,1,0,0,,,,,,
R_2an4wpr2jyZru0u,0,40.0,23.3,30.0,23.8,2.0,0,0,0,1,0,0,1,0,0,0,0,1,0,0,0,0,1,0,0,0,1,0,0,0,1,0,0,0,0,1,1,0,18,1,0,0,1,1,0,1,1,0,1,1,0,0,,,,,,
R_2an4wpr2jyZru0u,0,40.0,23.3,30.0,23.8,2.0,0,0,0,1,0,0,1,0,0,0,0,1,0,0,0,0,1,0,0,0,1,0,0,0,1,0,0,0,0,1,1,0,18,1,0,0,1,1,0,1,1,0,1,1,0,1,,,,,,
R_2an4wpr2jyZru0u,0,40.0,23.3,30.0,23.8,2.0,0,0,0,1,0,0,1,0,0,0,0,1,0,0,0,0,1,0,0,0,1,0,0,0,1,0,0,0,0,1,1,0,18,1,0,0,1,1,1,1,0,0,1,1,0,0,,,,,,
R_1Os1KVNIpe2ZNvE,1,50,37,13,24,2,0,1,0,0,0,0,0,0,1,0,0,1,0,0,0,0,1,0,0,1,0,0,0,1,0,0,0,0,0,1,1,0,20,0,1,0,1,1,0,0,1,1,0,1,0,0,,,,,,
R_VVhnsRU1uKNEWTD,1,33,30,30,24,2,0,1,0,0,0,0,1,0,0,0,1,0,0,0,0,1,0,0,0,0,1,0,0,0,0,0,1,0,0,1,0,0,18,1,1,0,0,0,0,1,1,1,1,0,1,0,,,,,,
R_2Y9BNTPzxZKqZYw,1,27,47,23,24,3,0,0,1,0,0,0,0,0,0,1,0,0,1,0,0,0,1,0,0,1,0,0,1,0,0,0,0,0,0,1,1,0,23,1,1,1,1,1,0,0,0,0,0,0,1,1,,,,,,
R_2Y9BNTPzxZKqZYw,1,27,47,23,24,3,0,0,1,0,0,0,0,0,0,1,0,0,1,0,0,0,1,0,0,1,0,0,1,0,0,0,0,0,0,1,1,0,23,1,1,0,0,0,0,0,0,0,0,0,0,0,,,,,,
R_2Y9BNTPzxZKqZYw,1,27,47,23,24,3,0,0,1,0,0,0,0,0,0,1,0,0,1,0,0,0,1,0,0,1,0,0,1,0,0,0,0,0,0,1,1,0,23,1,1,0,0,1,1,1,1,1,1,0,0,0,,,,,,
R_2Y9BNTPzxZKqZYw,1,27,47,23,24,3,0,0,1,0,0,0,0,0,0,1,0,0,1,0,0,0,1,0,0,1,0,0,1,0,0,0,0,0,0,1,1,0,23,1,1,0,0,0,0,0,0,0,0,0,0,0,,,,,,
R_2Y9BNTPzxZKqZYw,1,27,47,23,24,3,0,0,1,0,0,0,0,0,0,1,0,0,1,0,0,0,1,0,0,1,0,0,1,0,0,0,0,0,0,1,1,0,23,1,1,1,1,0,0,1,1,0,0,0,0,1,,,,,,
R_2Y9BNTPzxZKqZYw,1,27,47,23,24,3,0,0,1,0,0,0,0,0,0,1,0,0,1,0,0,0,1,0,0,1,0,0,1,0,0,0,0,0,0,1,1,0,23,1,1,1,1,0,0,1,1,0,0,0,0,1,,,,,,
R_2Y9BNTPzxZKqZYw,1,27,47,23,24,3,0,0,1,0,0,0,0,0,0,1,0,0,1,0,0,0,1,0,0,1,0,0,1,0,0,0,0,0,0,1,1,0,23,1,1,1,1,0,0,1,1,0,0,0,0,1,,,,,,
R_2Y9BNTPzxZKqZYw,1,27,47,23,24,3,0,0,1,0,0,0,0,0,0,1,0,0,1,0,0,0,1,0,0,1,0,0,1,0,0,0,0,0,0,1,1,0,23,1,1,1,1,0,0,1,1,0,0,0,0,1,,,,,,
R_ZKX3xoJnd2kyLkJ,1,47,13,40,24,2,0,0,0,1,0,0,0,0,1,0,1,0,0,0,0,0,0,0,1,0,1,0,0,0,0,1,0,0,0,1,1,0,18,0,1,0,1,1,0,1,1,1,1,0,1,1,,,,,,
R_27PuMKW5R1nRSOd,1,13,53,20,24,5,0,0,1,0,0,0,0,0,0,0,0,0,1,0,0,0,0,1,0,0,1,0,0,0,0,1,0,0,1,1,1,0,21,0,1,0,1,0,0,0,0,1,1,0,0,0,,,,,,
R_bDjXfToVlFj3avf,1,53,27,17,25,2,0,1,0,0,0,0,0,0,0,1,0,0,1,0,0,1,0,0,0,0,1,0,0,0,1,0,0,0,0,1,1,0,18,1,1,1,0,0,0,0,0,0,0,0,1,0,,,,,,
R_w5dotGbG3RtlGal,0,50.0,16.7,16.7,24.6,2.0,0,1,0,0,0,0,0,1,0,0,0,0,1,0,0,1,0,0,0,0,1,0,0,0,1,0,0,0,0,1,1,0,20,1,1,1,1,0,0,0,0,0,0,0,0,0,,,,,,
R_w5dotGbG3RtlGal,0,50.0,16.7,16.7,24.6,2.0,0,1,0,0,0,0,0,1,0,0,0,0,1,0,0,1,0,0,0,0,1,0,0,0,1,0,0,0,0,1,1,0,20,1,1,1,1,1,1,1,1,1,1,1,0,1,,,,,,
R_xA8jlGkUnqE2hdn,1,23,53,23,25,3,0,0,1,0,0,0,0,0,0,1,0,0,0,0,1,0,0,0,0,0,1,0,0,0,1,0,0,0,0,0,1,0,20,0,1,1,1,1,0,0,0,0,0,0,1,1,,,,,,
R_3Doad8xyUpX2Wls,1,53,17,17,25,2,0,1,0,0,0,0,0,1,0,0,0,1,0,0,0,0,0,1,0,0,1,0,0,0,1,0,0,0,0,0,1,0,19,0,1,0,1,1,0,0,0,0,1,1,0,0,,,,,,
R_2V2XNON0ZEry5hc,1,53,13,27,25,2,0,0,1,0,0,0,0,0,0,1,0,1,0,0,0,0,0,0,1,1,0,0,0,0,1,0,0,0,0,1,0,0,20,0,1,0,1,0,0,1,0,1,1,0,0,0,,,,,,
R_3g7UMz9nHFvSt7k,1,53,23,20,25,2,0,0,1,0,0,0,0,0,1,0,0,0,0,1,0,0,0,0,1,0,1,0,0,0,1,0,0,0,0,1,1,0,19,0,0,0,1,1,0,0,0,1,1,0,1,0,,,,,,
R_3HjG2F5AeDi4rop,1,20,33,43,25,6,0,0,0,0,1,0,0,0,1,0,0,1,0,0,0,0,0,0,1,0,1,0,0,0,1,0,0,1,0,1,1,0,22,0,0,0,1,1,0,0,0,1,1,0,1,0,,,,,,
R_1QGY9hbFUhxlN8L,1,33,40,27,26,3,0,0,1,0,0,0,0,0,0,1,0,0,0,0,0,1,0,0,0,0,1,0,0,0,0,1,0,0,0,1,1,0,18,1,1,1,1,0,0,1,1,0,0,0,0,1,,,,,,
R_1QGY9hbFUhxlN8L,1,33,40,27,26,3,0,0,1,0,0,0,0,0,0,1,0,0,0,0,0,1,0,0,0,0,1,0,0,0,0,1,0,0,0,1,1,0,18,1,1,1,1,0,0,1,1,0,0,0,0,1,,,,,,
R_1QGY9hbFUhxlN8L,1,33,40,27,26,3,0,0,1,0,0,0,0,0,0,1,0,0,0,0,0,1,0,0,0,0,1,0,0,0,0,1,0,0,0,1,1,0,18,1,1,1,1,0,0,1,1,0,0,0,0,1,,,,,,
R_1QGY9hbFUhxlN8L,1,33,40,27,26,3,0,0,1,0,0,0,0,0,0,1,0,0,0,0,0,1,0,0,0,0,1,0,0,0,0,1,0,0,0,1,1,0,18,1,1,1,1,0,0,1,1,0,0,0,0,1,,,,,,
R_1QGY9hbFUhxlN8L,1,33,40,27,26,3,0,0,1,0,0,0,0,0,0,1,0,0,0,0,0,1,0,0,0,0,1,0,0,0,0,1,0,0,0,1,1,0,18,1,1,1,1,0,0,1,1,0,0,0,0,1,,,,,,
R_1QGY9hbFUhxlN8L,1,33,40,27,26,3,0,0,1,0,0,0,0,0,0,1,0,0,0,0,0,1,0,0,0,0,1,0,0,0,0,1,0,0,0,1,1,0,18,1,1,1,1,0,0,1,1,0,0,0,0,1,,,,,,
R_1QGY9hbFUhxlN8L,1,33,40,27,26,3,0,0,1,0,0,0,0,0,0,1,0,0,0,0,0,1,0,0,0,0,1,0,0,0,0,1,0,0,0,1,1,0,18,1,1,1,1,0,0,1,1,0,0,0,0,1,,,,,,
R_1QGY9hbFUhxlN8L,1,33,40,27,26,3,0,0,1,0,0,0,0,0,0,1,0,0,0,0,0,1,0,0,0,0,1,0,0,0,0,1,0,0,0,1,1,0,18,1,1,1,1,0,0,1,1,0,0,0,0,1,,,,,,
R_1QGY9hbFUhxlN8L,1,33,40,27,26,3,0,0,1,0,0,0,0,0,0,1,0,0,0,0,0,1,0,0,0,0,1,0,0,0,0,1,0,0,0,1,1,0,18,1,1,0,1,1,0,0,0,0,1,0,1,0,,,,,,
R_1QGY9hbFUhxlN8L,1,33,40,27,26,3,0,0,1,0,0,0,0,0,0,1,0,0,0,0,0,1,0,0,0,0,1,0,0,0,0,1,0,0,0,1,1,0,18,1,1,0,0,1,1,1,1,1,1,0,0,0,,,,,,
R_1QGY9hbFUhxlN8L,1,33,40,27,26,3,0,0,1,0,0,0,0,0,0,1,0,0,0,0,0,1,0,0,0,0,1,0,0,0,0,1,0,0,0,1,1,0,18,1,1,0,1,0,0,1,0,1,1,0,0,0,,,,,,
R_1QGY9hbFUhxlN8L,1,33,40,27,26,3,0,0,1,0,0,0,0,0,0,1,0,0,0,0,0,1,0,0,0,0,1,0,0,0,0,1,0,0,0,1,1,0,18,1,1,0,0,1,1,1,1,1,1,0,0,0,,,,,,
R_1QGY9hbFUhxlN8L,1,33,40,27,26,3,0,0,1,0,0,0,0,0,0,1,0,0,0,0,0,1,0,0,0,0,1,0,0,0,0,1,0,0,0,1,1,0,18,1,1,0,1,1,0,0,0,0,1,0,1,0,,,,,,
R_1QGY9hbFUhxlN8L,1,33,40,27,26,3,0,0,1,0,0,0,0,0,0,1,0,0,0,0,0,1,0,0,0,0,1,0,0,0,0,1,0,0,0,1,1,0,18,1,1,0,0,1,1,1,1,1,1,0,0,0,,,,,,
R_1QGY9hbFUhxlN8L,1,33,40,27,26,3,0,0,1,0,0,0,0,0,0,1,0,0,0,0,0,1,0,0,0,0,1,0,0,0,0,1,0,0,0,1,1,0,18,1,1,0,1,1,1,1,0,1,1,0,1,0,,,,,,
R_1QGY9hbFUhxlN8L,1,33,40,27,26,3,0,0,1,0,0,0,0,0,0,1,0,0,0,0,0,1,0,0,0,0,1,0,0,0,0,1,0,0,0,1,1,0,18,1,1,0,0,1,1,1,1,1,1,0,0,0,,,,,,
R_RwYz2m7tq4LwXcJ,0,40.0,40.0,20.0,25.7,3.0,0,0,0,1,0,0,0,0,1,0,1,0,0,0,0,0,0,0,1,0,1,0,0,0,0,1,0,0,0,1,1,0,19,1,1,0,1,1,0,1,1,0,1,1,0,0,,,,,,
R_9zynzhZRkxh89gZ,0,16.7,46.7,23.3,26.0,5.0,0,0,0,1,0,0,0,0,0,1,0,1,0,0,0,0,0,0,1,0,1,0,0,0,1,0,0,0,0,1,1,0,20,1,1,0,1,1,0,1,1,0,1,1,1,0,,,,,,
R_1jIZIl13uf4RGDH,0,30.0,36.7,20.0,26.1,3.0,0,1,0,0,0,0,0,1,0,0,0,0,0,0,0,1,0,0,0,0,1,0,0,0,1,0,0,1,0,1,1,0,21,0,0,1,1,1,0,0,0,1,1,1,0,0,,,,,,
R_1jIZIl13uf4RGDH,0,30.0,36.7,20.0,26.1,3.0,0,1,0,0,0,0,0,1,0,0,0,0,0,0,0,1,0,0,0,0,1,0,0,0,1,0,0,1,0,1,1,0,21,0,0,0,0,0,0,0,0,1,1,1,0,0,,,,,,
R_1jIZIl13uf4RGDH,0,30.0,36.7,20.0,26.1,3.0,0,1,0,0,0,0,0,1,0,0,0,0,0,0,0,1,0,0,0,0,1,0,0,0,1,0,0,1,0,1,1,0,21,0,0,1,1,1,0,0,0,0,1,1,0,0,,,,,,
R_1jIZIl13uf4RGDH,0,30.0,36.7,20.0,26.1,3.0,0,1,0,0,0,0,0,1,0,0,0,0,0,0,0,1,0,0,0,0,1,0,0,0,1,0,0,1,0,1,1,0,21,0,0,1,1,1,0,0,0,0,1,1,0,0,,,,,,
R_1DUZ2j6n4DzfMsd,0,46.7,30.0,23.3,26.1,2.0,0,1,0,0,0,0,0,1,0,0,0,1,0,0,0,0,1,0,0,0,1,0,0,0,0,1,0,1,0,1,0,0,18,1,0,0,1,1,0,1,1,0,1,1,0,0,,,,,,
R_1DUZ2j6n4DzfMsd,0,46.7,30.0,23.3,26.1,2.0,0,1,0,0,0,0,0,1,0,0,0,1,0,0,0,0,1,0,0,0,1,0,0,0,0,1,0,1,0,1,0,0,18,1,0,0,1,1,0,1,1,0,1,1,0,0,,,,,,
R_1DUZ2j6n4DzfMsd,0,46.7,30.0,23.3,26.1,2.0,0,1,0,0,0,0,0,1,0,0,0,1,0,0,0,0,1,0,0,0,1,0,0,0,0,1,0,1,0,1,0,0,18,1,0,0,1,1,1,1,1,0,1,1,1,0,,,,,,
R_1DUZ2j6n4DzfMsd,0,46.7,30.0,23.3,26.1,2.0,0,1,0,0,0,0,0,1,0,0,0,1,0,0,0,0,1,0,0,0,1,0,0,0,0,1,0,1,0,1,0,0,18,1,0,0,1,1,1,1,0,0,1,1,0,0,,,,,,
R_AGuzMBlhBN87KMN,0,50.0,16.7,30.0,27.1,2.0,0,0,1,0,0,0,0,1,0,0,0,1,0,0,0,0,1,0,0,0,1,0,0,1,0,0,0,0,1,1,1,0,19,0,0,0,0,0,0,0,0,1,1,1,0,0,,,,,,
R_AGuzMBlhBN87KMN,0,50.0,16.7,30.0,27.1,2.0,0,0,1,0,0,0,0,1,0,0,0,1,0,0,0,0,1,0,0,0,1,0,0,1,0,0,0,0,1,1,1,0,19,0,0,1,1,1,0,1,1,0,1,1,0,0,,,,,,
R_3CBDWYwLs7cMdbm,1,37,33,30,27,2,0,0,1,0,0,0,0,0,0,1,0,0,0,0,0,0,0,0,1,0,1,0,0,1,0,0,0,0,0,1,1,0,21,0,0,0,0,1,0,0,1,0,0,0,0,0,,,,,,
R_UlNasmYXPr5Ek93,1,50,27,23,27,1,0,0,1,0,0,0,1,0,0,0,1,0,0,0,0,0,0,1,0,0,0,1,0,0,0,1,0,0,0,1,1,0,21,0,1,0,1,0,0,1,1,1,1,0,1,1,,,,,,
R_2RODgL9bnORChLL,1,40,33,20,27,2,1,0,0,0,0,0,1,0,0,0,0,1,0,0,1,0,0,0,0,0,1,0,0,0,1,0,0,0,0,1,1,0,19,1,0,1,1,0,0,1,1,0,0,0,0,1,,,,,,
R_3r1Ege5ggBbhngV,1,30,17,53,27,6,0,1,0,0,0,0,0,0,0,1,0,0,0,0,0,0,0,0,1,0,0,1,1,0,0,0,0,0,0,0,1,0,19,0,1,0,1,1,0,0,0,1,1,0,1,0,,,,,,
R_2YmtqqClSaZFSt9,0,10.0,56.7,26.7,27.6,5.0,0,1,0,0,0,0,0,1,0,0,0,1,0,0,0,0,0,1,0,0,1,0,0,0,1,0,0,1,1,1,1,0,19,0,0,0,0,0,0,0,0,1,1,1,0,0,,,,,,
R_2YmtqqClSaZFSt9,0,10.0,56.7,26.7,27.6,5.0,0,1,0,0,0,0,0,1,0,0,0,1,0,0,0,0,0,1,0,0,1,0,0,0,1,0,0,1,1,1,1,0,19,0,0,1,1,1,0,1,1,0,1,1,0,0,,,,,,
R_32Ja9Fq8vjEFlEf,0,43.3,30.0,20.0,27.8,2.0,0,1,0,0,0,0,1,0,0,0,0,1,0,0,0,0,1,0,0,0,0,1,0,1,0,0,0,1,1,1,1,0,20,1,0,1,1,1,0,0,0,1,1,1,0,0,,,,,,
R_32Ja9Fq8vjEFlEf,0,43.3,30.0,20.0,27.8,2.0,0,1,0,0,0,0,1,0,0,0,0,1,0,0,0,0,1,0,0,0,0,1,0,1,0,0,0,1,1,1,1,0,20,1,0,1,1,1,0,0,0,1,1,1,0,0,,,,,,
R_32Ja9Fq8vjEFlEf,0,43.3,30.0,20.0,27.8,2.0,0,1,0,0,0,0,1,0,0,0,0,1,0,0,0,0,1,0,0,0,0,1,0,1,0,0,0,1,1,1,1,0,20,1,0,1,1,1,0,0,0,1,1,1,0,0,,,,,,
R_32Ja9Fq8vjEFlEf,0,43.3,30.0,20.0,27.8,2.0,0,1,0,0,0,0,1,0,0,0,0,1,0,0,0,0,1,0,0,0,0,1,0,1,0,0,0,1,1,1,1,0,20,1,0,1,1,1,0,0,0,1,1,1,0,0,,,,,,
R_32Ja9Fq8vjEFlEf,0,43.3,30.0,20.0,27.8,2.0,0,1,0,0,0,0,1,0,0,0,0,1,0,0,0,0,1,0,0,0,0,1,0,1,0,0,0,1,1,1,1,0,20,1,0,0,1,1,0,1,1,0,1,1,1,0,,,,,,
R_32Ja9Fq8vjEFlEf,0,43.3,30.0,20.0,27.8,2.0,0,1,0,0,0,0,1,0,0,0,0,1,0,0,0,0,1,0,0,0,0,1,0,1,0,0,0,1,1,1,1,0,20,1,0,1,1,1,0,1,1,0,1,1,0,0,,,,,,
R_32Ja9Fq8vjEFlEf,0,43.3,30.0,20.0,27.8,2.0,0,1,0,0,0,0,1,0,0,0,0,1,0,0,0,0,1,0,0,0,0,1,0,1,0,0,0,1,1,1,1,0,20,1,0,1,1,1,1,1,1,1,1,1,0,1,,,,,,
R_32Ja9Fq8vjEFlEf,0,43.3,30.0,20.0,27.8,2.0,0,1,0,0,0,0,1,0,0,0,0,1,0,0,0,0,1,0,0,0,0,1,0,1,0,0,0,1,1,1,1,0,20,1,0,1,1,1,1,1,1,1,1,1,0,1,,,,,,
R_1g1Moi4ciPqxLal,0,33.3,13.3,30.0,28.2,2.0,0,1,0,0,1,0,0,0,0,1,0,0,1,0,0,0,0,0,1,0,1,0,0,0,1,0,0,0,0,1,1,0,20,1,1,0,1,1,0,1,1,0,1,1,0,0,,,,,,
R_1g1Moi4ciPqxLal,0,33.3,13.3,30.0,28.2,2.0,0,1,0,0,1,0,0,0,0,1,0,0,1,0,0,0,0,0,1,0,1,0,0,0,1,0,0,0,0,1,1,0,20,1,1,1,1,1,0,0,0,0,1,1,0,0,,,,,,
R_32JV4Yw8UbSQiXs,1,30,27,30,28,2,0,0,1,0,0,0,0,0,1,0,1,0,0,0,0,1,0,0,0,1,0,0,0,0,1,0,0,0,0,1,1,0,21,0,1,0,1,1,0,0,0,1,1,0,0,0,,,,,,
R_32JV4Yw8UbSQiXs,1,30,27,30,28,2,0,0,1,0,0,0,0,0,1,0,1,0,0,0,0,1,0,0,0,1,0,0,0,0,1,0,0,0,0,1,1,0,21,0,1,0,1,1,0,0,1,1,0,1,0,0,,,,,,
R_32JV4Yw8UbSQiXs,1,30,27,30,28,2,0,0,1,0,0,0,0,0,1,0,1,0,0,0,0,1,0,0,0,1,0,0,0,0,1,0,0,0,0,1,1,0,21,0,1,1,1,0,1,1,1,0,0,0,0,0,,,,,,
R_32JV4Yw8UbSQiXs,1,30,27,30,28,2,0,0,1,0,0,0,0,0,1,0,1,0,0,0,0,1,0,0,0,1,0,0,0,0,1,0,0,0,0,1,1,0,21,0,1,1,1,0,1,1,1,0,0,0,0,0,,,,,,
R_1K1PjWFyWsyhQkw,1,20,33,33,29,6,0,1,0,0,0,0,0,0,1,0,1,0,0,0,0,0,1,0,0,0,1,0,0,0,1,0,0,0,0,1,1,0,20,0,1,0,1,0,0,0,0,1,1,0,0,0,,,,,,
R_1K1PjWFyWsyhQkw,1,20,33,33,29,6,0,1,0,0,0,0,0,0,1,0,1,0,0,0,0,0,1,0,0,0,1,0,0,0,1,0,0,0,0,1,1,0,20,0,1,1,1,0,1,1,1,0,0,0,0,0,,,,,,
R_1jD76IN2RmAQo8O,1,30,13,30,29,1,0,1,0,0,0,0,1,0,0,0,0,0,1,0,0,1,0,0,0,0,0,1,0,0,1,0,0,0,0,1,1,0,19,1,1,0,1,1,0,0,1,1,1,0,0,0,,,,,,
R_1jD76IN2RmAQo8O,1,30,13,30,29,1,0,1,0,0,0,0,1,0,0,0,0,0,1,0,0,1,0,0,0,0,0,1,0,0,1,0,0,0,0,1,1,0,19,1,1,0,1,0,0,1,0,0,0,1,0,0,,,,,,
R_1jD76IN2RmAQo8O,1,30,13,30,29,1,0,1,0,0,0,0,1,0,0,0,0,0,1,0,0,1,0,0,0,0,0,1,0,0,1,0,0,0,0,1,1,0,19,1,1,1,1,0,0,1,1,0,0,0,0,1,,,,,,
R_1jD76IN2RmAQo8O,1,30,13,30,29,1,0,1,0,0,0,0,1,0,0,0,0,0,1,0,0,1,0,0,0,0,0,1,0,0,1,0,0,0,0,1,1,0,19,1,1,0,1,0,0,1,0,0,0,1,0,0,,,,,,
R_OKhvsU6yySZotxL,1,57,3,27,29,1,0,0,0,1,0,0,0,0,1,0,0,1,0,0,0,0,1,0,0,1,0,0,0,0,1,0,0,0,0,1,1,0,19,0,1,0,0,0,1,0,1,0,1,1,1,0,,,,,,
R_e9bcyfNCV3eVQQh,1,37,20,43,29,6,0,1,0,0,0,0,0,0,1,0,0,1,0,0,0,0,1,0,0,1,0,0,0,0,1,0,0,0,0,1,1,0,22,0,1,0,0,0,1,0,1,0,1,1,1,0,,,,,,
R_e9bcyfNCV3eVQQh,1,37,20,43,29,6,0,1,0,0,0,0,0,0,1,0,0,1,0,0,0,0,1,0,0,1,0,0,0,0,1,0,0,0,0,1,1,0,22,0,1,0,1,1,1,0,0,0,0,1,1,1,,,,,,
R_1LjmCe5Sp0w7QJL,1,47,20,30,29,2,0,0,1,0,0,0,0,0,1,0,0,0,1,0,0,0,0,1,0,0,1,0,0,0,1,0,0,0,0,1,1,0,21,0,1,0,1,0,0,0,0,1,1,0,0,0,,,,,,
R_2viBtU2iKuCO4oh,1,33,23,33,29,2,0,0,1,0,0,0,0,0,1,0,1,0,0,0,0,1,0,0,0,1,0,0,0,0,0,1,0,0,0,1,1,0,19,0,1,0,1,0,1,0,0,0,0,0,0,0,,,,,,
R_2viBtU2iKuCO4oh,1,33,23,33,29,2,0,0,1,0,0,0,0,0,1,0,1,0,0,0,0,1,0,0,0,1,0,0,0,0,0,1,0,0,0,1,1,0,19,0,1,0,1,0,0,0,0,1,1,0,0,0,,,,,,
R_2viBtU2iKuCO4oh,1,33,23,33,29,2,0,0,1,0,0,0,0,0,1,0,1,0,0,0,0,1,0,0,0,1,0,0,0,0,0,1,0,0,0,1,1,0,19,0,1,0,1,1,1,1,0,1,1,0,1,0,,,,,,
R_2viBtU2iKuCO4oh,1,33,23,33,29,2,0,0,1,0,0,0,0,0,1,0,1,0,0,0,0,1,0,0,0,1,0,0,0,0,0,1,0,0,0,1,1,0,19,0,1,0,1,0,0,0,0,1,1,0,0,0,,,,,,
R_2viBtU2iKuCO4oh,1,33,23,33,29,2,0,0,1,0,0,0,0,0,1,0,1,0,0,0,0,1,0,0,0,1,0,0,0,0,0,1,0,0,0,1,1,0,19,0,1,0,1,0,0,1,0,0,0,1,0,0,,,,,,
R_2viBtU2iKuCO4oh,1,33,23,33,29,2,0,0,1,0,0,0,0,0,1,0,1,0,0,0,0,1,0,0,0,1,0,0,0,0,0,1,0,0,0,1,1,0,19,0,1,0,1,0,0,1,0,0,0,1,0,0,,,,,,
R_2viBtU2iKuCO4oh,1,33,23,33,29,2,0,0,1,0,0,0,0,0,1,0,1,0,0,0,0,1,0,0,0,1,0,0,0,0,0,1,0,0,0,1,1,0,19,0,1,0,1,0,0,1,0,0,0,1,0,0,,,,,,
R_2viBtU2iKuCO4oh,1,33,23,33,29,2,0,0,1,0,0,0,0,0,1,0,1,0,0,0,0,1,0,0,0,1,0,0,0,0,0,1,0,0,0,1,1,0,19,0,1,0,1,0,0,1,0,0,0,1,0,0,,,,,,
R_3J2b4NTJZaR7oRm,0,33.3,26.7,30.0,29.2,2.0,0,0,0,1,0,0,0,0,1,0,0,0,0,1,0,0,1,0,0,0,1,0,0,1,0,0,0,1,1,1,1,0,19,1,0,0,1,1,0,0,0,0,1,1,0,0,,,,,,
R_1LG7Ehn5w7XW2bm,1,23,33,27,29,5,0,0,1,0,0,0,0,0,0,1,0,0,1,0,0,0,1,0,0,1,0,0,0,0,0,1,0,0,0,1,1,0,20,1,1,0,1,0,0,0,0,1,1,0,0,0,,,,,,
R_3F20g6FwDt5jlM4,0,60.0,10.0,30.0,29.7,2.0,0,0,1,0,0,0,0,0,0,1,1,0,0,0,1,0,0,0,0,0,1,0,0,0,0,1,0,1,0,1,1,0,20,0,0,1,1,1,0,0,0,1,1,1,0,0,,,,,,
R_xaQj7LZtbTLnGdb,1,30,30,40,30,6,0,1,0,0,0,0,0,0,1,0,1,0,0,0,0,1,0,0,0,1,0,0,0,0,1,0,0,0,0,1,1,0,19,0,1,0,1,1,0,1,1,1,1,0,1,1,,,,,,
R_2VfEuhk9GtoQRUv,0,16.7,23.3,43.3,30.0,6.0,0,1,0,0,0,0,0,0,1,0,0,0,0,0,0,0,0,1,0,0,1,0,0,0,0,1,0,1,0,1,1,0,20,1,0,0,1,1,0,1,0,0,1,0,0,0,,,,,,
R_1eQahSX5SzHbVBi,0,40.0,30.0,26.7,30.0,2.0,0,0,1,0,0,0,0,0,1,0,0,1,0,0,0,0,0,1,0,0,1,0,0,1,0,0,0,1,0,1,1,0,20,1,1,0,1,1,0,1,1,0,1,1,1,0,,,,,,
R_1MKgPLwsBUTXOBB,1,33,37,27,30,3,1,0,0,0,0,0,0,0,1,0,0,0,1,0,0,1,0,0,0,0,1,0,0,0,0,1,0,0,0,1,1,0,20,1,0,0,1,0,0,0,0,0,1,0,0,0,,,,,,
R_3dE6Ji4MvUPp6YB,0,30.0,26.7,23.3,30.6,2.0,0,0,0,1,0,0,0,1,0,0,0,0,0,1,0,0,0,1,0,1,0,0,0,0,0,1,0,0,0,1,1,0,18,0,0,0,1,1,0,1,1,0,1,1,0,0,,,,,,
R_3sjgOZAi5a3364r,0,10.0,56.7,30.0,30.7,5.0,0,0,1,0,0,1,0,0,0,0,0,1,0,0,1,0,0,0,0,0,1,0,0,0,1,0,0,1,0,1,1,0,19,0,0,1,1,0,1,1,0,0,1,0,0,0,,,,,,
R_3fT4PvFTB4XHDdv,1,30,40,17,31,3,0,0,1,0,0,0,0,0,0,1,0,1,0,0,0,0,0,1,0,1,0,0,0,0,1,0,0,0,0,0,1,0,18,1,1,0,1,1,0,0,0,1,1,0,1,0,,,,,,
R_vqUwbEZjWP3pFw5,0,20.0,43.3,33.3,30.8,5.0,0,0,1,0,0,0,0,1,0,0,0,1,0,0,0,1,0,0,0,0,1,0,0,0,1,0,0,0,0,1,1,0,18,1,1,0,1,1,0,1,1,0,1,1,0,0,,,,,,
R_vqUwbEZjWP3pFw5,0,20.0,43.3,33.3,30.8,5.0,0,0,1,0,0,0,0,1,0,0,0,1,0,0,0,1,0,0,0,0,1,0,0,0,1,0,0,0,0,1,1,0,18,1,1,0,1,1,0,1,1,0,1,1,0,0,,,,,,
R_vqUwbEZjWP3pFw5,0,20.0,43.3,33.3,30.8,5.0,0,0,1,0,0,0,0,1,0,0,0,1,0,0,0,1,0,0,0,0,1,0,0,0,1,0,0,0,0,1,1,0,18,1,1,1,1,0,1,0,0,0,1,0,0,0,,,,,,
R_vqUwbEZjWP3pFw5,0,20.0,43.3,33.3,30.8,5.0,0,0,1,0,0,0,0,1,0,0,0,1,0,0,0,1,0,0,0,0,1,0,0,0,1,0,0,0,0,1,1,0,18,1,1,0,1,1,1,1,0,0,1,1,0,0,,,,,,
R_1cYsBX0XCfC05Pn,0,6.7,36.7,40.0,30.8,6.0,0,1,0,0,0,0,0,1,0,0,0,0,0,1,0,0,0,0,1,0,1,0,0,0,0,1,0,1,1,1,1,0,20,0,1,0,1,1,0,1,1,0,1,1,1,0,,,,,,
R_eP5xYlLRh3a6h5D,0,26.7,26.7,33.3,30.9,6.0,0,1,0,0,0,0,0,1,0,0,0,0,1,0,0,0,1,0,0,0,1,0,0,0,1,0,0,1,1,1,1,0,19,0,0,1,1,1,0,0,0,0,1,1,0,0,,,,,,
R_Brgv38UIcj8SpHP,1,43,20,37,31,2,1,0,0,0,0,0,0,0,1,0,0,1,0,0,0,0,0,1,0,0,1,0,0,1,0,0,0,0,0,1,1,0,20,0,1,0,0,0,0,0,0,0,0,0,1,1,,,,,,
R_1Nlc0jdkqi5GCHL,1,27,40,30,31,5,0,0,1,0,0,0,0,0,0,1,0,0,0,1,0,0,0,0,1,0,0,1,0,0,1,0,0,0,0,1,1,0,20,1,1,1,1,0,1,1,1,0,0,0,0,0,,,,,,
R_27y8CC68rrgbnrw,0,33.3,36.7,30.0,31.6,3.0,1,0,0,0,0,0,0,1,0,0,0,0,0,1,0,0,0,0,1,0,1,0,0,0,1,0,0,1,0,1,1,0,18,0,0,1,1,1,0,0,0,0,1,1,0,0,,,,,,
R_1BQ3wMW8kbk3hJQ,1,10,53,27,32,4,0,1,0,0,0,0,0,1,0,0,0,0,0,0,1,0,0,0,0,1,0,0,0,0,0,0,1,0,0,1,0,0,19,1,1,0,1,0,0,1,0,1,1,0,0,0,,,,,,
R_1BQ3wMW8kbk3hJQ,1,10,53,27,32,4,0,1,0,0,0,0,0,1,0,0,0,0,0,0,1,0,0,0,0,1,0,0,0,0,0,0,1,0,0,1,0,0,19,1,1,0,1,1,0,0,0,0,0,1,1,0,,,,,,
R_1BQ3wMW8kbk3hJQ,1,10,53,27,32,4,0,1,0,0,0,0,0,1,0,0,0,0,0,0,1,0,0,0,0,1,0,0,0,0,0,0,1,0,0,1,0,0,19,1,1,0,1,0,0,0,0,1,1,0,0,0,,,,,,
R_1BQ3wMW8kbk3hJQ,1,10,53,27,32,4,0,1,0,0,0,0,0,1,0,0,0,0,0,0,1,0,0,0,0,1,0,0,0,0,0,0,1,0,0,1,0,0,19,1,1,0,1,1,0,0,0,0,0,1,1,0,,,,,,
R_1BQ3wMW8kbk3hJQ,1,10,53,27,32,4,0,1,0,0,0,0,0,1,0,0,0,0,0,0,1,0,0,0,0,1,0,0,0,0,0,0,1,0,0,1,0,0,19,1,1,0,1,0,1,1,0,0,1,1,0,0,,,,,,
R_1BQ3wMW8kbk3hJQ,1,10,53,27,32,4,0,1,0,0,0,0,0,1,0,0,0,0,0,0,1,0,0,0,0,1,0,0,0,0,0,0,1,0,0,1,0,0,19,1,1,0,1,1,0,0,0,0,0,1,1,0,,,,,,
R_1BQ3wMW8kbk3hJQ,1,10,53,27,32,4,0,1,0,0,0,0,0,1,0,0,0,0,0,0,1,0,0,0,0,1,0,0,0,0,0,0,1,0,0,1,0,0,19,1,1,0,1,0,0,0,0,1,1,0,0,0,,,,,,
R_1BQ3wMW8kbk3hJQ,1,10,53,27,32,4,0,1,0,0,0,0,0,1,0,0,0,0,0,0,1,0,0,0,0,1,0,0,0,0,0,0,1,0,0,1,0,0,19,1,1,0,1,1,0,0,0,0,0,1,1,0,,,,,,
R_Ai0PXiHmuPTNtwR,0,23.3,36.7,33.3,31.7,5.0,0,1,0,0,0,0,0,1,0,0,0,0,0,0,0,0,0,0,1,0,1,0,0,0,1,0,0,1,0,1,0,0,20,0,1,1,1,1,0,0,0,0,1,1,0,0,,,,,,
R_3GeaBJp3NSFMhMX,1,30,40,17,32,4,1,0,0,0,0,0,0,0,0,0,0,1,0,0,0,1,0,0,0,0,1,0,0,0,1,0,0,1,1,1,1,0,19,0,0,1,0,1,0,1,1,0,0,1,1,0,,,,,,
R_3GeaBJp3NSFMhMX,1,30,40,17,32,4,1,0,0,0,0,0,0,0,0,0,0,1,0,0,0,1,0,0,0,0,1,0,0,0,1,0,0,1,1,1,1,0,19,0,0,0,0,0,0,0,0,0,0,0,0,0,,,,,,
R_2zo2y5R9UuPcq8O,0,43.3,13.3,43.3,31.8,1.0,0,0,1,0,0,0,0,0,1,0,0,0,0,1,0,0,0,0,1,0,0,1,0,1,0,0,0,1,0,1,1,0,20,0,0,0,1,1,0,0,0,0,1,1,0,0,,,,,,
R_3XlBcpILql5NbgZ,1,40,37,23,32,2,0,1,0,0,0,0,0,0,1,0,0,1,0,0,0,0,0,1,0,0,1,0,0,0,1,0,0,1,1,1,1,0,20,0,0,0,1,1,0,0,0,0,0,0,0,0,,,,,,
R_1OIdeJ8FGneSXaE,0,30.0,23.3,33.3,32.2,6.0,1,0,0,0,0,0,0,1,0,0,0,0,0,1,0,0,0,1,0,0,1,0,0,0,0,1,0,0,0,1,1,0,19,0,0,0,1,1,0,1,1,0,1,1,1,0,,,,,,
R_1OIdeJ8FGneSXaE,0,30.0,23.3,33.3,32.2,6.0,1,0,0,0,0,0,0,1,0,0,0,0,0,1,0,0,0,1,0,0,1,0,0,0,0,1,0,0,0,1,1,0,19,0,0,1,1,1,1,1,1,1,1,1,0,1,,,,,,
R_6nDVXiYizTIknS1,1,10,23,40,32,6,0,1,0,0,0,0,1,0,0,0,1,0,0,0,0,1,0,0,0,1,0,0,0,0,0,1,0,0,0,1,1,0,18,0,1,0,1,0,1,1,0,0,1,1,0,0,,,,,,
R_1hXQIj4uufn2xL7,1,27,20,40,32,6,0,0,1,0,0,0,0,1,0,0,0,0,1,0,0,1,0,0,0,0,0,1,0,0,0,1,0,0,0,1,1,0,18,0,1,0,1,0,0,0,0,0,0,0,0,0,,,,,,
R_1hXQIj4uufn2xL7,1,27,20,40,32,6,0,0,1,0,0,0,0,1,0,0,0,0,1,0,0,1,0,0,0,0,0,1,0,0,0,1,0,0,0,1,1,0,18,0,1,0,1,1,0,0,0,1,1,0,1,0,,,,,,
R_24jka4jACH2PKjs,1,13,33,43,33,6,0,1,0,0,0,0,0,0,1,0,0,0,1,0,0,0,0,0,1,0,1,0,0,0,1,0,0,0,1,1,1,0,20,0,1,1,1,1,0,1,0,1,1,1,0,1,,,,,,
R_24jka4jACH2PKjs,1,13,33,43,33,6,0,1,0,0,0,0,0,0,1,0,0,0,1,0,0,0,0,0,1,0,1,0,0,0,1,0,0,0,1,1,1,0,20,0,1,0,1,1,1,1,0,1,1,0,1,0,,,,,,
R_bdbr4Np0IjITVg5,0,50.0,6.7,43.3,32.6,2.0,0,0,1,0,0,0,0,0,1,0,0,0,1,0,0,0,0,1,0,0,0,1,0,0,0,1,0,0,0,1,1,0,18,1,1,0,0,0,0,0,0,0,1,1,1,1,,,,,,
R_3G7nSGUQIYhcm0P,0,53.3,20.0,23.3,32.9,2.0,0,1,0,0,0,0,0,1,0,0,0,0,1,0,0,1,0,0,0,0,1,0,0,0,0,1,0,0,0,1,1,0,20,1,1,0,1,1,1,1,0,1,1,1,0,0,,,,,,
R_3Pb3ELyiq5aSdLj,1,47,23,27,33,2,0,0,1,0,0,0,0,1,0,0,1,0,0,0,0,1,0,0,0,1,0,0,0,0,0,1,0,1,0,1,1,0,19,0,1,0,1,0,0,1,0,1,1,0,0,0,,,,,,
R_1IispHcvqvdORru,0,20.0,43.3,36.7,33.0,5.0,0,1,0,0,1,0,0,1,0,0,0,0,1,0,0,0,0,1,0,0,1,0,0,0,0,1,0,0,1,1,1,0,20,0,0,1,1,1,0,0,0,1,1,1,0,0,,,,,,
R_yIl09skE94qzDiN,1,27,37,37,33,6,0,1,0,0,0,0,0,0,1,0,0,0,1,0,0,1,0,0,0,0,1,0,0,0,1,0,0,0,0,1,1,0,19,1,1,1,0,0,0,0,0,0,0,0,1,0,,,,,,
R_yIl09skE94qzDiN,1,27,37,37,33,6,0,1,0,0,0,0,0,0,1,0,0,0,1,0,0,1,0,0,0,0,1,0,0,0,1,0,0,0,0,1,1,0,19,1,1,1,0,0,0,0,0,0,0,0,1,0,,,,,,
R_yIl09skE94qzDiN,1,27,37,37,33,6,0,1,0,0,0,0,0,0,1,0,0,0,1,0,0,1,0,0,0,0,1,0,0,0,1,0,0,0,0,1,1,0,19,1,1,1,0,0,1,0,0,0,0,1,0,1,,,,,,
R_yIl09skE94qzDiN,1,27,37,37,33,6,0,1,0,0,0,0,0,0,1,0,0,0,1,0,0,1,0,0,0,0,1,0,0,0,1,0,0,0,0,1,1,0,19,1,1,0,0,0,0,0,1,0,1,0,0,0,,,,,,
R_yIl09skE94qzDiN,1,27,37,37,33,6,0,1,0,0,0,0,0,0,1,0,0,0,1,0,0,1,0,0,0,0,1,0,0,0,1,0,0,0,0,1,1,0,19,1,1,0,0,0,1,0,0,0,0,1,1,0,,,,,,
R_yIl09skE94qzDiN,1,27,37,37,33,6,0,1,0,0,0,0,0,0,1,0,0,0,1,0,0,1,0,0,0,0,1,0,0,0,1,0,0,0,0,1,1,0,19,1,1,0,0,0,1,0,0,0,0,1,1,0,,,,,,
R_yIl09skE94qzDiN,1,27,37,37,33,6,0,1,0,0,0,0,0,0,1,0,0,0,1,0,0,1,0,0,0,0,1,0,0,0,1,0,0,0,0,1,1,0,19,1,1,0,0,0,1,0,0,0,0,1,1,0,,,,,,
R_yIl09skE94qzDiN,1,27,37,37,33,6,0,1,0,0,0,0,0,0,1,0,0,0,1,0,0,1,0,0,0,0,1,0,0,0,1,0,0,0,0,1,1,0,19,1,1,0,0,0,1,0,0,0,0,1,1,0,,,,,,
R_2EgEltlXE7MVXb3,0,26.7,40.0,33.3,33.2,5.0,0,0,1,0,0,0,0,1,0,0,0,0,1,0,0,0,1,0,0,0,1,0,0,0,0,0,1,0,0,1,1,0,19,0,1,0,0,0,0,0,0,1,1,1,0,0,,,,,,
R_1l6JRXzLynARtRJ,1,20,37,33,33,5,0,1,0,0,0,0,0,0,0,1,0,0,1,0,0,0,1,0,0,0,1,0,0,0,1,0,0,0,0,1,1,0,20,1,1,1,1,0,0,1,1,0,0,0,0,1,,,,,,
R_3G8GcLrp3iWC9s4,0,16.7,40.0,33.3,33.4,5.0,0,0,1,0,0,0,0,0,1,0,0,0,0,0,0,1,0,0,0,0,1,0,0,0,1,0,0,0,0,1,1,0,18,1,0,0,1,1,0,1,1,0,1,1,0,0,,,,,,
R_2azYmxBGqIu0ZPO,1,33,33,23,34,3,0,0,0,1,0,0,0,0,0,1,0,0,0,1,0,0,0,1,0,0,1,0,0,0,1,0,0,0,0,1,1,0,20,1,1,1,1,1,0,1,0,1,1,1,0,1,,,,,,
R_2azYmxBGqIu0ZPO,1,33,33,23,34,3,0,0,0,1,0,0,0,0,0,1,0,0,0,1,0,0,0,1,0,0,1,0,0,0,1,0,0,0,0,1,1,0,20,1,1,1,1,0,0,1,1,0,0,0,0,1,,,,,,
R_22QDPnnUyr8qcwR,1,27,33,33,34,6,1,0,0,0,0,0,0,0,1,0,0,1,0,0,1,0,0,0,0,0,1,0,0,0,1,0,0,0,0,1,1,0,19,1,1,1,1,0,0,1,1,0,0,0,0,1,,,,,,
R_1LIReCRIPXRyJRp,0,23.3,43.3,26.7,33.6,4.0,0,1,0,0,0,0,0,1,0,0,0,1,0,0,0,1,0,0,0,0,1,0,0,0,0,1,0,0,0,1,1,0,18,1,1,0,1,1,1,1,1,0,1,1,1,0,,,,,,
R_1LIReCRIPXRyJRp,0,23.3,43.3,26.7,33.6,4.0,0,1,0,0,0,0,0,1,0,0,0,1,0,0,0,1,0,0,0,0,1,0,0,0,0,1,0,0,0,1,1,0,18,1,1,1,1,1,0,1,1,0,1,1,0,0,,,,,,
R_3Oq81057YN1ayZj,1,53,17,30,34,2,0,1,0,0,0,0,0,0,1,0,1,0,0,0,0,1,0,0,0,0,1,0,0,0,0,1,0,0,0,1,1,0,20,0,0,0,1,1,1,1,0,1,1,0,1,0,,,,,,
R_25ZzXG07SRzoxw2,1,43,3,37,34,2,0,0,1,0,0,0,0,0,0,1,0,0,0,1,0,1,0,0,0,1,0,0,0,0,1,0,0,0,0,1,1,0,18,1,1,1,1,0,0,1,1,0,0,0,0,1,,,,,,
R_1LHfaINtWZBnja3,1,23,30,47,34,6,0,0,1,0,0,0,0,0,1,0,0,0,1,0,0,0,0,0,1,0,1,0,0,0,0,1,0,0,0,1,1,0,20,1,1,1,1,0,1,1,1,0,0,0,0,0,,,,,,
R_1LHfaINtWZBnja3,1,23,30,47,34,6,0,0,1,0,0,0,0,0,1,0,0,0,1,0,0,0,0,0,1,0,1,0,0,0,0,1,0,0,0,1,1,0,20,1,1,0,1,0,0,1,0,0,0,1,0,0,,,,,,
R_3QSENTjhXuX0A47,0,33.3,23.3,33.3,34.1,2.0,1,0,0,0,0,0,0,1,0,0,1,0,0,0,1,0,0,0,0,0,1,0,0,0,0,1,0,1,0,1,1,0,21,0,1,0,0,0,0,0,0,1,1,1,0,0,,,,,,
R_3Rsy2HH8vkh7gX9,1,37,3,30,34,2,0,1,0,0,0,0,0,1,0,0,0,0,0,0,0,0,1,0,0,1,0,0,0,0,1,0,0,1,0,1,1,0,21,0,0,0,0,1,0,0,1,0,0,1,0,1,,,,,,
R_2EttnivsEyu9v74,1,27,53,17,34,3,0,1,0,0,0,0,1,0,0,0,0,1,0,0,0,1,0,0,0,1,0,0,0,0,1,0,0,0,0,1,1,0,21,1,1,0,1,0,0,1,0,1,1,0,0,0,,,,,,
R_28GkIrxsQzz4Klk,1,53,10,37,35,1,0,1,0,0,0,0,0,0,1,0,0,0,1,0,0,0,0,1,0,1,0,0,0,0,0,1,0,0,0,1,1,0,19,1,1,1,1,1,0,1,0,1,1,1,0,1,,,,,,
R_28GkIrxsQzz4Klk,1,53,10,37,35,1,0,1,0,0,0,0,0,0,1,0,0,0,1,0,0,0,0,1,0,1,0,0,0,0,0,1,0,0,0,1,1,0,19,1,1,1,1,0,0,1,1,0,0,0,0,1,,,,,,
R_2ci1d070oxooaXS,1,43,13,40,35,2,0,1,0,0,0,0,0,0,1,0,1,0,0,0,0,0,1,0,0,1,0,0,0,0,0,1,0,0,0,1,1,0,19,0,1,0,1,0,0,0,0,0,0,0,0,0,,,,,,
R_2QnVpqjD9m0u9G0,1,10,43,30,35,5,0,1,0,0,0,0,0,0,1,0,0,0,1,0,0,0,0,0,1,0,1,0,0,0,1,0,0,0,0,1,1,0,20,1,1,0,1,0,0,1,0,0,0,0,0,0,,,,,,
R_2QnVpqjD9m0u9G0,1,10,43,30,35,5,0,1,0,0,0,0,0,0,1,0,0,0,1,0,0,0,0,0,1,0,1,0,0,0,1,0,0,0,0,1,1,0,20,1,1,1,1,0,0,1,1,0,0,0,0,1,,,,,,
R_2QnVpqjD9m0u9G0,1,10,43,30,35,5,0,1,0,0,0,0,0,0,1,0,0,0,1,0,0,0,0,0,1,0,1,0,0,0,1,0,0,0,0,1,1,0,20,1,1,1,1,0,1,1,1,0,0,0,0,0,,,,,,
R_2QnVpqjD9m0u9G0,1,10,43,30,35,5,0,1,0,0,0,0,0,0,1,0,0,0,1,0,0,0,0,0,1,0,1,0,0,0,1,0,0,0,0,1,1,0,20,1,1,1,1,0,1,1,1,0,0,0,0,0,,,,,,
R_2pSLkQ0cYqohDH5,1,50,23,27,35,2,0,1,0,0,0,0,0,0,1,0,0,0,0,0,0,0,0,1,0,0,1,0,0,0,1,0,0,1,1,1,1,0,18,0,0,1,1,1,0,0,0,0,0,0,1,1,,,,,,
R_1pQeGdLQVL89SXX,1,23,43,23,35,3,0,1,0,0,0,0,0,0,1,0,0,1,0,0,0,0,1,0,0,0,1,0,0,0,0,1,0,0,0,1,1,0,18,0,1,0,1,1,0,0,0,1,1,0,1,0,,,,,,
R_27EDomCSmK7pY8g,1,13,37,40,35,6,0,1,0,0,0,0,0,0,0,1,1,0,0,0,0,1,0,0,0,1,0,0,0,1,0,0,0,0,1,1,1,0,20,0,1,0,1,1,0,0,0,0,1,0,0,1,,,,,,
R_27EDomCSmK7pY8g,1,13,37,40,35,6,0,1,0,0,0,0,0,0,0,1,1,0,0,0,0,1,0,0,0,1,0,0,0,1,0,0,0,0,1,1,1,0,20,0,1,0,1,1,0,0,0,0,1,1,0,0,,,,,,
R_0JVgYjYq421LdRf,1,30,23,40,35,6,1,0,0,0,0,0,0,1,0,0,1,0,0,0,1,0,0,0,0,0,0,1,0,0,0,1,0,1,0,1,1,0,18,0,1,0,0,1,0,1,1,0,0,1,1,0,,,,,,
R_1kIdeKhk2rsn0Us,1,40,7,47,35,6,0,0,1,0,0,0,0,0,1,0,0,1,0,0,0,0,1,0,0,1,0,0,0,0,0,1,0,0,0,0,1,0,19,0,1,0,1,1,0,0,1,1,0,1,0,0,,,,,,
R_eEEjJ1ONLDvhIVH,1,20,27,47,35,6,0,1,0,0,0,0,0,0,1,0,0,0,0,1,0,0,0,1,0,0,1,0,0,0,1,0,0,1,0,1,1,0,20,1,1,0,0,0,1,0,1,0,1,1,0,1,,,,,,
R_eEEjJ1ONLDvhIVH,1,20,27,47,35,6,0,1,0,0,0,0,0,0,1,0,0,0,0,1,0,0,0,1,0,0,1,0,0,0,1,0,0,1,0,1,1,0,20,1,1,1,0,0,0,0,0,0,0,0,1,0,,,,,,
R_2XdmDp12CsNqcVH,0,43.3,13.3,43.3,35.5,2.0,0,1,0,0,0,0,0,1,0,0,0,0,1,0,0,0,0,0,1,0,0,1,0,0,1,0,0,1,1,1,1,0,19,1,0,0,1,1,0,1,1,0,1,1,0,0,,,,,,
R_2XdmDp12CsNqcVH,0,43.3,13.3,43.3,35.5,2.0,0,1,0,0,0,0,0,1,0,0,0,0,1,0,0,0,0,0,1,0,0,1,0,0,1,0,0,1,1,1,1,0,19,1,0,0,1,1,1,1,1,0,1,1,1,0,,,,,,
R_2XdmDp12CsNqcVH,0,43.3,13.3,43.3,35.5,2.0,0,1,0,0,0,0,0,1,0,0,0,0,1,0,0,0,0,0,1,0,0,1,0,0,1,0,0,1,1,1,1,0,19,1,0,1,1,1,0,0,0,0,1,1,0,0,,,,,,
R_2XdmDp12CsNqcVH,0,43.3,13.3,43.3,35.5,2.0,0,1,0,0,0,0,0,1,0,0,0,0,1,0,0,0,0,0,1,0,0,1,0,0,1,0,0,1,1,1,1,0,19,1,0,1,1,1,0,0,0,0,1,1,0,0,,,,,,
R_3NDFV8twWaDtTk5,1,47,10,43,36,2,0,1,0,0,0,1,0,0,1,0,0,1,0,0,0,0,1,0,0,0,1,0,0,0,1,0,0,1,0,1,1,0,22,0,1,0,0,1,1,1,1,1,1,0,0,0,,,,,,
R_3m2dXpoZ59XgWqi,1,27,33,40,36,6,1,0,0,0,0,0,0,1,0,0,0,0,0,1,0,0,0,0,1,0,0,1,0,1,0,0,0,0,0,1,1,0,19,1,1,0,1,1,1,1,0,1,1,0,1,0,,,,,,
R_3QGDxTbKdqexK2a,1,30,33,30,36,3,0,1,0,0,0,0,0,1,0,0,0,1,0,0,0,1,0,0,0,0,1,0,0,0,0,1,0,0,0,1,1,0,21,0,0,1,1,1,0,1,0,1,1,1,0,1,,,,,,
R_3QGDxTbKdqexK2a,1,30,33,30,36,3,0,1,0,0,0,0,0,1,0,0,0,1,0,0,0,1,0,0,0,0,1,0,0,0,0,1,0,0,0,1,1,0,21,0,0,0,1,0,0,0,0,1,1,0,0,0,,,,,,
R_3QGDxTbKdqexK2a,1,30,33,30,36,3,0,1,0,0,0,0,0,1,0,0,0,1,0,0,0,1,0,0,0,0,1,0,0,0,0,1,0,0,0,1,1,0,21,0,0,0,0,0,0,0,0,0,1,0,0,0,,,,,,
R_3QGDxTbKdqexK2a,1,30,33,30,36,3,0,1,0,0,0,0,0,1,0,0,0,1,0,0,0,1,0,0,0,0,1,0,0,0,0,1,0,0,0,1,1,0,21,0,0,0,1,0,0,0,0,1,1,0,0,0,,,,,,
R_3QGDxTbKdqexK2a,1,30,33,30,36,3,0,1,0,0,0,0,0,1,0,0,0,1,0,0,0,1,0,0,0,0,1,0,0,0,0,1,0,0,0,1,1,0,21,0,0,1,1,0,1,1,1,0,0,0,0,0,,,,,,
R_3QGDxTbKdqexK2a,1,30,33,30,36,3,0,1,0,0,0,0,0,1,0,0,0,1,0,0,0,1,0,0,0,0,1,0,0,0,0,1,0,0,0,1,1,0,21,0,0,1,1,0,1,1,1,0,0,0,0,0,,,,,,
R_3QGDxTbKdqexK2a,1,30,33,30,36,3,0,1,0,0,0,0,0,1,0,0,0,1,0,0,0,1,0,0,0,0,1,0,0,0,0,1,0,0,0,1,1,0,21,0,0,1,1,0,1,1,1,0,0,0,0,0,,,,,,
R_3QGDxTbKdqexK2a,1,30,33,30,36,3,0,1,0,0,0,0,0,1,0,0,0,1,0,0,0,1,0,0,0,0,1,0,0,0,0,1,0,0,0,1,1,0,21,0,0,1,1,0,1,1,1,0,0,0,0,0,,,,,,
R_1FKiJBqCQ6oV6oS,1,23,33,40,36,6,0,0,1,0,0,0,0,0,0,0,0,0,1,0,0,0,0,1,0,0,1,0,0,0,0,1,0,0,0,0,0,0,18,0,1,0,1,0,0,0,0,1,1,0,0,0,,,,,,
R_1nOPJOPpn2DnhvA,1,40,20,23,36,1,0,0,1,0,0,0,0,0,0,1,0,0,1,0,0,0,0,1,0,0,1,0,0,0,0,1,0,0,0,1,1,0,22,0,1,1,1,0,1,1,1,0,0,0,0,0,,,,,,
R_3GEfMR37vklqkUf,0,40.0,13.3,46.7,36.0,6.0,0,1,0,0,0,0,0,0,1,0,0,0,1,0,0,0,0,1,0,0,0,1,0,0,0,1,0,0,0,1,1,0,19,0,1,0,0,0,0,0,0,1,1,1,0,0,,,,,,
R_3GEfMR37vklqkUf,0,40.0,13.3,46.7,36.0,6.0,0,1,0,0,0,0,0,0,1,0,0,0,1,0,0,0,0,1,0,0,0,1,0,0,0,1,0,0,0,1,1,0,19,0,1,1,1,1,0,1,1,0,1,1,0,0,,,,,,
R_1qfdRpSuXGravNm,1,23,23,37,36,6,0,1,0,0,0,1,1,0,0,0,0,0,0,1,0,0,0,0,1,0,1,0,0,0,0,1,0,1,0,1,1,0,18,1,1,1,1,0,0,1,1,0,0,0,0,1,,,,,,
R_1qfdRpSuXGravNm,1,23,23,37,36,6,0,1,0,0,0,1,1,0,0,0,0,0,0,1,0,0,0,0,1,0,1,0,0,0,0,1,0,1,0,1,1,0,18,1,1,1,1,0,0,1,1,0,0,0,0,1,,,,,,
R_1qfdRpSuXGravNm,1,23,23,37,36,6,0,1,0,0,0,1,1,0,0,0,0,0,0,1,0,0,0,0,1,0,1,0,0,0,0,1,0,1,0,1,1,0,18,1,1,0,1,0,0,1,0,0,0,1,0,0,,,,,,
R_1qfdRpSuXGravNm,1,23,23,37,36,6,0,1,0,0,0,1,1,0,0,0,0,0,0,1,0,0,0,0,1,0,1,0,0,0,0,1,0,1,0,1,1,0,18,1,1,0,1,0,0,1,0,0,0,1,0,0,,,,,,
R_1qfdRpSuXGravNm,1,23,23,37,36,6,0,1,0,0,0,1,1,0,0,0,0,0,0,1,0,0,0,0,1,0,1,0,0,0,0,1,0,1,0,1,1,0,18,1,1,0,1,0,0,0,0,1,1,0,0,0,,,,,,
R_1qfdRpSuXGravNm,1,23,23,37,36,6,0,1,0,0,0,1,1,0,0,0,0,0,0,1,0,0,0,0,1,0,1,0,0,0,0,1,0,1,0,1,1,0,18,1,1,0,1,0,0,0,0,1,1,0,0,0,,,,,,
R_1qfdRpSuXGravNm,1,23,23,37,36,6,0,1,0,0,0,1,1,0,0,0,0,0,0,1,0,0,0,0,1,0,1,0,0,0,0,1,0,1,0,1,1,0,18,1,1,0,1,0,0,1,0,0,0,1,0,0,,,,,,
R_1qfdRpSuXGravNm,1,23,23,37,36,6,0,1,0,0,0,1,1,0,0,0,0,0,0,1,0,0,0,0,1,0,1,0,0,0,0,1,0,1,0,1,1,0,18,1,1,0,1,0,0,1,0,0,0,1,0,0,,,,,,
R_d6iHDS1jwbRcGUF,1,23,30,33,36,6,0,1,0,0,0,0,0,0,0,1,0,1,0,0,1,0,0,0,0,0,1,0,0,0,0,1,0,1,0,1,1,0,20,0,1,0,0,0,1,0,1,0,1,1,1,1,,,,,,
R_3R4MSATLxNxLRkh,1,37,13,40,36,6,0,0,0,1,0,0,0,0,1,0,1,0,0,0,0,0,0,1,0,0,1,0,0,0,1,0,0,0,1,1,1,0,19,0,1,0,1,1,0,0,0,1,1,0,1,0,,,,,,
R_2AFgoohH4FWeTUq,0,26.7,36.7,33.3,36.5,5.0,0,0,1,0,0,0,0,1,0,0,0,0,0,0,0,0,0,0,0,0,1,0,0,0,1,0,0,1,0,1,1,0,19,1,0,0,1,1,0,1,1,0,1,1,1,0,,,,,,
R_2tbxHqPYT72ABms,1,13,40,33,37,5,1,0,0,0,0,0,0,0,1,0,0,0,0,0,1,0,0,0,0,1,0,0,0,0,0,1,0,0,0,1,1,0,20,0,1,0,1,1,0,0,0,1,1,0,1,0,,,,,,
R_tDQXa33Q2JIThWV,1,40,30,23,37,1,0,0,1,0,0,0,0,0,1,0,0,1,0,0,0,0,1,0,0,0,1,0,0,0,1,0,0,0,0,1,1,0,20,0,1,0,0,0,1,0,1,0,1,1,1,1,,,,,,
R_tDQXa33Q2JIThWV,1,40,30,23,37,1,0,0,1,0,0,0,0,0,1,0,0,1,0,0,0,0,1,0,0,0,1,0,0,0,1,0,0,0,0,1,1,0,20,0,1,0,0,0,0,0,0,0,0,0,1,0,,,,,,
R_12gRcBkOHLM1n63,0,50.0,13.3,36.7,36.6,2.0,0,1,0,0,0,0,0,0,1,0,0,0,1,0,0,0,0,0,1,0,1,0,1,0,0,0,0,0,0,0,1,0,20,1,0,1,1,1,1,1,1,1,1,1,0,1,,,,,,
R_1H6tSxnE2e8lMCe,1,20,37,43,37,6,0,0,1,0,0,0,0,1,0,0,0,1,0,0,0,0,0,0,1,1,0,0,0,0,1,0,0,0,0,0,1,0,18,1,1,0,1,0,0,1,0,0,0,1,0,0,,,,,,
R_3HAZlUBsBtJdQWW,0,16.7,26.7,33.3,36.9,6.0,0,1,0,0,0,0,1,0,0,0,0,0,0,1,0,0,0,0,1,0,1,0,0,0,0,1,0,0,0,1,1,0,21,0,1,0,1,0,0,1,0,0,1,0,0,0,,,,,,
R_3HAZlUBsBtJdQWW,0,16.7,26.7,33.3,36.9,6.0,0,1,0,0,0,0,1,0,0,0,0,0,0,1,0,0,0,0,1,0,1,0,0,0,0,1,0,0,0,1,1,0,21,0,1,0,1,1,0,1,1,0,1,1,1,0,,,,,,
R_3HNcwnIxBcWEIgE,1,27,23,50,37,6,0,0,1,0,0,0,0,1,0,0,0,1,0,0,0,0,0,1,0,0,1,0,0,0,1,0,0,0,0,0,1,0,20,0,1,0,1,0,0,0,0,1,1,0,0,0,,,,,,
R_AbyUkhG8X2SOu2J,1,30,23,33,37,6,0,1,0,0,0,0,0,0,1,0,0,0,1,0,0,0,0,0,1,0,1,0,0,0,0,1,0,0,0,1,1,0,19,1,1,0,1,1,0,0,0,1,1,0,1,0,,,,,,
R_AbyUkhG8X2SOu2J,1,30,23,33,37,6,0,1,0,0,0,0,0,0,1,0,0,0,1,0,0,0,0,0,1,0,1,0,0,0,0,1,0,0,0,1,1,0,19,1,1,0,0,0,0,0,0,0,0,0,1,0,,,,,,
R_AbyUkhG8X2SOu2J,1,30,23,33,37,6,0,1,0,0,0,0,0,0,1,0,0,0,1,0,0,0,0,0,1,0,1,0,0,0,0,1,0,0,0,1,1,0,19,1,1,1,0,0,0,0,0,0,0,0,1,0,,,,,,
R_AbyUkhG8X2SOu2J,1,30,23,33,37,6,0,1,0,0,0,0,0,0,1,0,0,0,1,0,0,0,0,0,1,0,1,0,0,0,0,1,0,0,0,1,1,0,19,1,1,1,0,0,0,0,0,0,0,0,1,0,,,,,,
R_Qp4Ex3HnI8sC1P3,1,43,27,30,37,2,0,1,0,0,0,0,0,0,1,0,1,0,0,0,0,0,1,0,0,0,1,0,0,0,1,0,0,0,0,1,1,0,20,0,1,1,0,0,1,0,0,0,0,1,0,1,,,,,,
R_1ocG15huKYj3Y5q,1,20,37,40,37,6,0,1,0,0,0,0,0,0,0,1,1,0,0,0,0,0,0,1,0,0,1,0,0,0,0,0,0,0,1,1,1,0,0,1,1,0,0,1,0,0,1,0,0,0,0,0,,,,,,
R_2v6qd5DmZIl24Ms,1,23,13,40,37,6,0,0,1,0,0,0,0,0,1,0,0,1,0,0,0,0,1,0,0,0,1,0,0,0,1,0,0,0,0,1,1,0,20,0,1,0,1,1,0,0,0,1,1,0,1,0,,,,,,
R_3gMJKSS4zADzqAb,1,20,37,43,38,6,0,0,1,0,0,0,0,0,1,0,1,0,0,0,0,1,0,0,0,1,0,0,0,0,1,0,0,0,0,1,1,0,18,0,1,0,0,1,0,0,1,0,0,0,0,0,,,,,,
R_3EPY7Q31ewsfeOf,1,17,30,47,38,6,1,0,0,0,0,1,0,0,0,1,0,0,1,0,0,0,0,0,1,0,1,0,0,1,0,0,0,0,0,1,1,0,21,1,0,1,1,0,0,1,1,0,0,0,0,1,,,,,,
R_pKHtiQjZCGI4Thn,1,27,27,37,38,6,0,0,1,0,0,0,0,0,1,0,0,1,0,0,0,0,0,1,0,0,1,0,0,0,1,0,0,1,0,1,0,0,19,1,0,0,0,0,0,1,1,1,1,0,1,1,,,,,,
R_pKHtiQjZCGI4Thn,1,27,27,37,38,6,0,0,1,0,0,0,0,0,1,0,0,1,0,0,0,0,0,1,0,0,1,0,0,0,1,0,0,1,0,1,0,0,19,1,0,0,0,0,0,0,0,0,0,0,1,0,,,,,,
R_NX9IRXHzh85MWRz,1,27,17,57,38,6,0,0,1,0,0,0,0,0,1,0,0,0,0,0,0,0,0,1,0,0,1,0,0,0,1,0,0,0,0,0,1,0,21,1,1,0,0,0,0,1,1,1,1,0,1,0,,,,,,
R_NX9IRXHzh85MWRz,1,27,17,57,38,6,0,0,1,0,0,0,0,0,1,0,0,0,0,0,0,0,0,1,0,0,1,0,0,0,1,0,0,0,0,0,1,0,21,1,1,0,0,1,0,0,0,0,0,0,1,0,,,,,,
R_NX9IRXHzh85MWRz,1,27,17,57,38,6,0,0,1,0,0,0,0,0,1,0,0,0,0,0,0,0,0,1,0,0,1,0,0,0,1,0,0,0,0,0,1,0,21,1,1,1,0,0,0,0,0,0,0,0,1,0,,,,,,
R_NX9IRXHzh85MWRz,1,27,17,57,38,6,0,0,1,0,0,0,0,0,1,0,0,0,0,0,0,0,0,1,0,0,1,0,0,0,1,0,0,0,0,0,1,0,21,1,1,1,0,0,0,0,0,0,0,0,1,0,,,,,,
R_yDPHFzaXQPXlH2x,1,13,57,27,39,4,0,1,0,0,0,0,0,0,1,0,0,0,0,1,1,0,0,0,0,0,1,0,0,0,0,1,0,0,0,1,1,0,19,0,1,0,0,0,0,0,0,0,0,0,1,0,,,,,,
R_yDPHFzaXQPXlH2x,1,13,57,27,39,4,0,1,0,0,0,0,0,0,1,0,0,0,0,1,1,0,0,0,0,0,1,0,0,0,0,1,0,0,0,1,1,0,19,0,1,0,0,0,0,0,0,0,0,0,1,0,,,,,,
R_31GHT5Ubwbmgwq0,1,37,20,43,39,6,0,0,1,0,0,0,0,0,1,0,0,0,1,0,0,0,1,0,0,0,0,1,0,0,1,0,0,0,0,1,1,0,19,1,1,0,1,0,0,1,0,1,1,0,0,0,,,,,,
R_3k0nnTS6a3JzxVC,0,20.0,33.3,46.7,39.0,6.0,0,1,0,0,0,0,0,0,1,0,0,0,1,0,0,0,0,0,1,0,1,0,0,0,1,0,0,0,0,1,1,0,19,0,0,1,1,1,0,0,0,1,1,1,0,0,,,,,,
R_3k0nnTS6a3JzxVC,0,20.0,33.3,46.7,39.0,6.0,0,1,0,0,0,0,0,0,1,0,0,0,1,0,0,0,0,0,1,0,1,0,0,0,1,0,0,0,0,1,1,0,19,0,0,1,1,1,0,0,0,0,1,1,0,0,,,,,,
R_2tJ4bJrPyniJ51C,0,26.7,40.0,30.0,39.0,5.0,0,0,1,0,0,0,0,1,0,0,0,0,0,0,0,0,0,1,0,0,1,0,0,0,0,0,0,0,0,0,1,0,18,1,0,0,0,1,0,0,1,0,0,1,1,0,,,,,,
R_2tJ4bJrPyniJ51C,0,26.7,40.0,30.0,39.0,5.0,0,0,1,0,0,0,0,1,0,0,0,0,0,0,0,0,0,1,0,0,1,0,0,0,0,0,0,0,0,0,1,0,18,1,0,0,1,1,1,1,1,0,1,1,1,0,,,,,,
R_z8NMH8dmOX6KTex,1,0,63,23,39,4,0,1,0,0,0,0,0,1,0,0,1,0,0,0,1,0,0,0,0,0,1,0,0,0,1,0,0,0,0,1,1,0,20,0,1,1,1,1,0,0,0,0,0,0,1,1,,,,,,
R_z8NMH8dmOX6KTex,1,0,63,23,39,4,0,1,0,0,0,0,0,1,0,0,1,0,0,0,1,0,0,0,0,0,1,0,0,0,1,0,0,0,0,1,1,0,20,0,1,0,0,0,0,0,0,0,0,0,1,0,,,,,,
R_332VysY7tOrpLvC,1,23,7,53,40,6,1,0,0,0,0,0,0,0,1,0,0,0,0,1,0,0,0,1,0,0,0,1,0,0,1,0,0,1,0,1,1,0,19,0,1,0,0,1,0,1,1,0,0,1,1,0,,,,,,
R_2y1RWxaWTOkiLuV,1,10,57,30,40,5,1,0,0,0,0,0,0,0,0,1,0,0,0,0,0,0,0,0,1,0,1,0,0,0,1,0,0,1,0,0,1,0,18,0,1,0,0,1,0,0,0,0,0,1,0,0,,,,,,
R_1JV06y4uunl9Ret,0,20.0,36.7,40.0,39.7,7.0,0,1,0,0,0,0,1,0,0,0,0,1,0,0,1,0,0,0,0,0,1,0,0,0,0,1,0,1,0,1,1,0,19,1,0,0,1,1,0,1,1,0,1,1,0,0,,,,,,
R_2VltiihfPr4R2Sv,1,40,7,47,40,6,0,0,1,0,0,0,0,0,0,0,0,1,0,0,0,0,1,0,0,0,1,0,0,0,1,0,0,0,0,1,1,0,21,0,1,1,1,0,1,1,1,0,0,0,0,0,,,,,,
R_1jkBXf7xeoUNYOH,1,13,47,33,40,5,0,0,1,0,0,0,0,0,1,0,0,0,0,1,0,0,0,0,1,0,1,0,0,0,0,1,0,0,0,1,0,0,18,1,1,1,1,0,0,1,1,0,0,0,0,1,,,,,,
R_3kdjGrkwFERlhe2,1,27,13,43,40,6,0,0,1,0,0,0,0,0,1,0,0,1,0,0,0,0,0,1,0,0,1,0,0,0,1,0,0,0,0,1,1,0,18,0,1,1,0,1,0,1,1,0,0,1,1,0,,,,,,
R_3kdjGrkwFERlhe2,1,27,13,43,40,6,0,0,1,0,0,0,0,0,1,0,0,1,0,0,0,0,0,1,0,0,1,0,0,0,1,0,0,0,0,1,1,0,18,0,1,0,0,1,0,0,1,0,0,0,0,0,,,,,,
R_2zNKp13ul95XgQX,1,13,23,50,40,6,0,1,0,0,0,0,1,0,0,0,0,0,1,0,0,0,1,0,0,1,0,0,0,0,1,0,0,0,0,1,1,0,20,1,1,1,1,0,0,1,1,0,0,0,0,1,,,,,,
R_zSd1IlD8k2MVvJn,0,23.3,6.7,53.3,40.3,6.0,0,0,1,0,0,0,0,0,1,0,0,0,1,0,0,0,1,0,0,0,1,0,0,0,0,1,0,0,0,1,1,0,22,0,1,0,0,0,0,0,0,1,1,1,0,0,,,,,,
R_zSd1IlD8k2MVvJn,0,23.3,6.7,53.3,40.3,6.0,0,0,1,0,0,0,0,0,1,0,0,0,1,0,0,0,1,0,0,0,1,0,0,0,0,1,0,0,0,1,1,0,22,0,1,0,0,0,0,0,0,1,1,1,0,0,,,,,,
R_zSd1IlD8k2MVvJn,0,23.3,6.7,53.3,40.3,6.0,0,0,1,0,0,0,0,0,1,0,0,0,1,0,0,0,1,0,0,0,1,0,0,0,0,1,0,0,0,1,1,0,22,0,1,0,1,1,1,1,0,1,1,1,0,0,,,,,,
R_zSd1IlD8k2MVvJn,0,23.3,6.7,53.3,40.3,6.0,0,0,1,0,0,0,0,0,1,0,0,0,1,0,0,0,1,0,0,0,1,0,0,0,0,1,0,0,0,1,1,0,22,0,1,1,1,1,0,1,1,0,1,1,0,0,,,,,,
R_ebUNUUF3wPyKQ7v,0,36.7,10.0,50.0,40.5,6.0,0,0,1,0,0,0,1,0,0,0,1,0,0,0,0,0,1,0,0,1,0,0,0,0,1,0,0,1,0,1,1,0,22,0,1,0,0,0,0,0,0,1,1,1,0,0,,,,,,
R_ebUNUUF3wPyKQ7v,0,36.7,10.0,50.0,40.5,6.0,0,0,1,0,0,0,1,0,0,0,1,0,0,0,0,0,1,0,0,1,0,0,0,0,1,0,0,1,0,1,1,0,22,0,1,0,0,0,0,0,0,1,1,1,0,0,,,,,,
R_ebUNUUF3wPyKQ7v,0,36.7,10.0,50.0,40.5,6.0,0,0,1,0,0,0,1,0,0,0,1,0,0,0,0,0,1,0,0,1,0,0,0,0,1,0,0,1,0,1,1,0,22,0,1,0,0,0,0,0,0,1,1,1,0,0,,,,,,
R_ebUNUUF3wPyKQ7v,0,36.7,10.0,50.0,40.5,6.0,0,0,1,0,0,0,1,0,0,0,1,0,0,0,0,0,1,0,0,1,0,0,0,0,1,0,0,1,0,1,1,0,22,0,1,1,1,1,0,0,0,1,1,1,0,0,,,,,,
R_ebUNUUF3wPyKQ7v,0,36.7,10.0,50.0,40.5,6.0,0,0,1,0,0,0,1,0,0,0,1,0,0,0,0,0,1,0,0,1,0,0,0,0,1,0,0,1,0,1,1,0,22,0,1,1,1,1,0,0,0,1,1,1,0,0,,,,,,
R_ebUNUUF3wPyKQ7v,0,36.7,10.0,50.0,40.5,6.0,0,0,1,0,0,0,1,0,0,0,1,0,0,0,0,0,1,0,0,1,0,0,0,0,1,0,0,1,0,1,1,0,22,0,1,1,1,1,0,1,1,0,1,1,0,0,,,,,,
R_2fDsYtF3xezIfUU,1,37,17,40,40,6,0,0,1,0,0,0,0,0,1,0,0,0,0,1,0,0,1,0,0,0,1,0,0,0,1,0,0,1,0,1,1,0,18,1,1,1,1,1,0,1,0,1,1,1,0,1,,,,,,
R_2fDsYtF3xezIfUU,1,37,17,40,40,6,0,0,1,0,0,0,0,0,1,0,0,0,0,1,0,0,1,0,0,0,1,0,0,0,1,0,0,1,0,1,1,0,18,1,1,0,1,0,0,1,0,0,0,1,0,0,,,,,,
R_3jSPTH1Tl8pMoJp,1,13,43,43,41,6,0,0,1,0,0,0,0,0,0,1,0,1,0,0,0,0,1,0,0,1,0,0,0,0,1,0,0,0,0,0,1,0,20,0,1,0,1,1,0,0,0,1,1,0,1,0,,,,,,
R_3ewvHzs6c2GFVqN,1,20,23,50,41,6,0,1,0,0,0,0,0,0,0,1,0,0,1,0,0,0,0,0,1,0,1,0,0,0,1,0,0,0,0,1,1,0,18,1,1,1,1,1,0,1,0,1,1,1,0,1,,,,,,
R_3ewvHzs6c2GFVqN,1,20,23,50,41,6,0,1,0,0,0,0,0,0,0,1,0,0,1,0,0,0,0,0,1,0,1,0,0,0,1,0,0,0,0,1,1,0,18,1,1,1,1,0,0,1,1,0,0,0,0,1,,,,,,
R_1DFNu8mDxg9nUu7,1,13,20,53,41,6,0,0,1,0,0,0,0,0,1,0,0,1,0,0,0,1,0,0,0,1,0,0,0,0,1,0,0,1,0,1,1,0,19,0,1,0,0,1,0,0,1,0,0,0,0,0,,,,,,
R_1DFNu8mDxg9nUu7,1,13,20,53,41,6,0,0,1,0,0,0,0,0,1,0,0,1,0,0,0,1,0,0,0,1,0,0,0,0,1,0,0,1,0,1,1,0,19,0,1,0,1,1,0,0,0,0,0,0,0,0,,,,,,
R_1ilFXvNsVOb4URH,0,30.0,16.7,53.3,40.6,6.0,0,1,0,0,0,0,0,1,0,0,0,0,1,0,0,0,0,0,1,0,1,0,0,0,1,0,0,0,0,1,1,0,19,1,0,0,1,1,0,0,0,1,1,1,0,0,,,,,,
R_1ilFXvNsVOb4URH,0,30.0,16.7,53.3,40.6,6.0,0,1,0,0,0,0,0,1,0,0,0,0,1,0,0,0,0,0,1,0,1,0,0,0,1,0,0,0,0,1,1,0,19,1,0,0,1,1,0,1,1,0,1,1,0,1,,,,,,
R_1gC94Xi3aHA2GgO,0,36.7,13.3,43.3,40.8,6.0,0,0,1,0,0,0,0,1,0,0,0,0,1,0,0,0,1,0,0,0,1,0,0,0,0,1,0,0,0,1,1,0,20,1,1,0,1,1,0,0,0,0,1,1,0,0,,,,,,
R_1eFdcQ9CRRd39rg,1,0,40,37,41,5,0,0,1,0,0,0,0,0,0,1,0,0,0,1,0,0,1,0,0,0,1,0,0,1,0,0,0,0,0,1,1,0,22,0,1,0,1,1,0,0,0,0,0,0,0,0,,,,,,
R_3OieFWoAreIEACB,0,30.0,20.0,50.0,41.2,6.0,0,1,0,0,1,0,0,1,0,0,0,0,0,1,0,0,0,1,0,0,1,0,0,1,0,0,0,0,1,1,1,0,21,0,0,1,1,1,0,0,0,1,1,1,0,0,,,,,,
R_3OieFWoAreIEACB,0,30.0,20.0,50.0,41.2,6.0,0,1,0,0,1,0,0,1,0,0,0,0,0,1,0,0,0,1,0,0,1,0,0,1,0,0,0,0,1,1,1,0,21,0,0,1,1,0,0,0,0,0,0,0,0,0,,,,,,
R_1E7k0t8C83s3Rcy,1,27,33,40,41,6,0,0,1,0,0,1,0,0,0,1,0,1,0,0,0,0,0,1,0,0,1,0,0,0,0,1,0,0,0,1,1,0,22,0,1,1,1,0,1,1,1,0,0,0,0,0,,,,,,
R_1Q4NpJYTSdQgbyz,1,13,40,33,41,4,0,1,0,0,0,0,0,0,0,1,0,1,0,0,0,1,0,0,0,1,0,0,0,0,0,1,0,0,0,1,1,0,20,0,1,1,1,0,1,1,1,0,0,0,0,0,,,,,,
R_7PRL42Dgwsu01RT,0,40.0,26.7,33.3,41.3,2.0,0,0,1,0,0,0,0,0,1,0,0,1,0,0,0,0,0,0,0,0,1,0,0,1,0,0,0,1,0,1,1,0,18,1,0,0,0,0,0,0,0,0,1,1,1,1,,,,,,
R_1oCsG1Oe5oDoL27,1,27,33,27,42,4,0,1,0,0,0,0,0,0,1,0,0,0,0,0,0,1,0,0,0,0,1,0,0,0,0,1,0,0,0,1,1,0,18,0,0,0,1,1,0,0,0,0,1,1,0,0,,,,,,
R_12SbBIIDkQW7suQ,0,36.7,3.3,60.0,41.6,7.0,0,1,0,0,0,0,0,0,1,0,0,0,1,0,0,0,1,0,0,0,0,1,0,0,0,1,0,1,1,1,1,0,24,1,0,0,1,1,0,1,1,0,1,1,1,0,,,,,,
R_41nZCBuqstYuXhT,1,23,23,33,42,6,0,1,0,0,0,0,0,0,0,1,0,1,0,0,0,0,0,1,0,0,1,0,0,0,1,0,0,0,0,0,1,0,21,0,1,1,1,1,0,0,0,0,0,0,1,1,,,,,,
R_56yrYAFrQ0lP2WB,1,40,7,40,42,2,0,1,0,0,0,0,0,0,1,0,0,1,0,0,0,1,0,0,0,1,0,0,0,0,0,1,0,0,0,1,1,0,21,1,1,0,1,0,0,0,0,0,1,0,1,0,,,,,,
R_28Um3YVQQ4mME5G,1,3,27,57,42,6,0,1,0,0,0,0,0,0,0,1,0,1,0,0,0,0,0,1,0,1,0,0,0,0,1,0,0,0,0,0,1,0,18,0,1,0,1,1,0,0,0,1,1,0,1,0,,,,,,
R_126cxkltnCYr7xo,1,23,27,37,42,6,0,1,0,0,0,0,0,0,1,0,0,1,0,0,0,1,0,0,0,0,1,0,0,0,1,0,0,0,0,1,1,0,20,0,1,0,1,1,0,0,0,1,1,0,1,0,,,,,,
R_2PjK1Zn3sNHYEJ5,1,20,33,47,42,6,0,1,0,0,0,1,0,0,0,1,0,1,0,0,0,1,0,0,0,0,1,0,0,0,0,1,0,0,0,1,1,0,22,1,1,0,1,0,0,1,0,0,0,0,0,0,,,,,,
R_Og1kCPhwxbRePRf,1,23,43,33,42,4,1,0,0,0,0,0,0,1,0,0,0,0,1,0,0,0,1,0,0,0,1,0,0,0,0,1,0,1,1,1,1,0,19,1,0,0,1,1,0,1,1,1,1,0,1,1,,,,,,
R_Og1kCPhwxbRePRf,1,23,43,33,42,4,1,0,0,0,0,0,0,1,0,0,0,0,1,0,0,0,1,0,0,0,1,0,0,0,0,1,0,1,1,1,1,0,19,1,0,0,0,0,0,1,1,1,1,0,1,0,,,,,,
R_3HohV6RpNX8KhEd,0,23.3,23.3,46.7,42.5,6.0,0,0,1,0,0,0,0,1,0,0,0,0,0,1,0,0,0,1,0,0,0,1,0,0,0,0,1,0,0,1,0,0,22,0,1,1,1,1,0,1,1,0,1,1,0,0,,,,,,
R_2tMvYIAzoFLJd7L,1,23,27,40,43,6,0,1,0,0,0,0,0,0,1,0,0,0,0,1,0,0,0,0,1,0,1,0,0,1,0,0,0,0,0,1,1,0,19,1,1,0,1,0,1,1,0,0,1,1,0,0,,,,,,
R_1kNS8q985wLZIYy,1,23,23,43,43,6,0,0,1,0,0,0,0,0,1,0,0,0,0,1,0,0,1,0,0,0,1,0,0,0,1,0,0,0,0,1,1,0,20,0,1,0,1,1,0,0,1,1,1,0,0,0,,,,,,
R_1kNS8q985wLZIYy,1,23,23,43,43,6,0,0,1,0,0,0,0,0,1,0,0,0,0,1,0,0,1,0,0,0,1,0,0,0,1,0,0,0,0,1,1,0,20,0,1,1,1,0,0,1,0,1,1,0,0,0,,,,,,
R_2e9CYBqDdHeSISc,1,37,10,53,43,6,0,0,1,0,0,0,0,0,0,1,0,1,0,0,0,0,0,1,0,0,1,0,0,0,0,1,0,0,0,1,1,0,20,0,1,1,0,1,0,1,1,0,0,1,1,0,,,,,,
R_2e9CYBqDdHeSISc,1,37,10,53,43,6,0,0,1,0,0,0,0,0,0,1,0,1,0,0,0,0,0,1,0,0,1,0,0,0,0,1,0,0,0,1,1,0,20,0,1,1,1,0,1,1,1,0,0,0,0,0,,,,,,
R_33CJWtqR8JC9fPc,0,0.0,53.3,40.0,43.2,4.0,0,0,0,1,0,0,0,0,1,0,0,0,0,0,0,0,0,0,1,0,1,0,0,0,0,1,0,1,0,1,1,0,19,1,1,0,1,1,0,1,0,0,1,0,0,0,,,,,,
R_3CDvvC0yBgt5mra,1,30,10,60,43,6,0,1,0,0,0,0,0,0,0,1,0,1,0,0,0,1,0,0,0,0,1,0,0,0,0,1,0,0,0,1,0,0,20,0,1,0,1,1,0,0,0,0,1,0,0,1,,,,,,
R_3CDvvC0yBgt5mra,1,30,10,60,43,6,0,1,0,0,0,0,0,0,0,1,0,1,0,0,0,1,0,0,0,0,1,0,0,0,0,1,0,0,0,1,0,0,20,0,1,0,0,1,0,1,1,0,0,1,1,0,,,,,,
R_3CDvvC0yBgt5mra,1,30,10,60,43,6,0,1,0,0,0,0,0,0,0,1,0,1,0,0,0,1,0,0,0,0,1,0,0,0,0,1,0,0,0,1,0,0,20,0,1,0,1,0,0,1,0,0,0,0,0,0,,,,,,
R_3CDvvC0yBgt5mra,1,30,10,60,43,6,0,1,0,0,0,0,0,0,0,1,0,1,0,0,0,1,0,0,0,0,1,0,0,0,0,1,0,0,0,1,0,0,20,0,1,0,0,1,0,1,1,0,0,1,1,0,,,,,,
R_3CDvvC0yBgt5mra,1,30,10,60,43,6,0,1,0,0,0,0,0,0,0,1,0,1,0,0,0,1,0,0,0,0,1,0,0,0,0,1,0,0,0,1,0,0,20,0,1,0,0,1,0,0,1,0,0,0,0,0,,,,,,
R_3CDvvC0yBgt5mra,1,30,10,60,43,6,0,1,0,0,0,0,0,0,0,1,0,1,0,0,0,1,0,0,0,0,1,0,0,0,0,1,0,0,0,1,0,0,20,0,1,0,0,1,0,1,1,0,0,1,1,0,,,,,,
R_3CDvvC0yBgt5mra,1,30,10,60,43,6,0,1,0,0,0,0,0,0,0,1,0,1,0,0,0,1,0,0,0,0,1,0,0,0,0,1,0,0,0,1,0,0,20,0,1,0,1,0,0,1,0,0,0,0,0,0,,,,,,
R_3CDvvC0yBgt5mra,1,30,10,60,43,6,0,1,0,0,0,0,0,0,0,1,0,1,0,0,0,1,0,0,0,0,1,0,0,0,0,1,0,0,0,1,0,0,20,0,1,0,0,1,0,1,1,0,0,1,1,0,,,,,,
R_3CDvvC0yBgt5mra,1,30,10,60,43,6,0,1,0,0,0,0,0,0,0,1,0,1,0,0,0,1,0,0,0,0,1,0,0,0,0,1,0,0,0,1,0,0,20,0,1,1,1,0,1,1,1,0,0,0,0,0,,,,,,
R_3CDvvC0yBgt5mra,1,30,10,60,43,6,0,1,0,0,0,0,0,0,0,1,0,1,0,0,0,1,0,0,0,0,1,0,0,0,0,1,0,0,0,1,0,0,20,0,1,1,1,0,1,1,1,0,0,0,0,0,,,,,,
R_3CDvvC0yBgt5mra,1,30,10,60,43,6,0,1,0,0,0,0,0,0,0,1,0,1,0,0,0,1,0,0,0,0,1,0,0,0,0,1,0,0,0,1,0,0,20,0,1,1,1,0,1,1,1,0,0,0,0,0,,,,,,
R_3CDvvC0yBgt5mra,1,30,10,60,43,6,0,1,0,0,0,0,0,0,0,1,0,1,0,0,0,1,0,0,0,0,1,0,0,0,0,1,0,0,0,1,0,0,20,0,1,1,1,0,1,1,1,0,0,0,0,0,,,,,,
R_3CDvvC0yBgt5mra,1,30,10,60,43,6,0,1,0,0,0,0,0,0,0,1,0,1,0,0,0,1,0,0,0,0,1,0,0,0,0,1,0,0,0,1,0,0,20,0,1,1,1,0,1,1,1,0,0,0,0,0,,,,,,
R_3CDvvC0yBgt5mra,1,30,10,60,43,6,0,1,0,0,0,0,0,0,0,1,0,1,0,0,0,1,0,0,0,0,1,0,0,0,0,1,0,0,0,1,0,0,20,0,1,1,1,0,1,1,1,0,0,0,0,0,,,,,,
R_3CDvvC0yBgt5mra,1,30,10,60,43,6,0,1,0,0,0,0,0,0,0,1,0,1,0,0,0,1,0,0,0,0,1,0,0,0,0,1,0,0,0,1,0,0,20,0,1,1,1,0,1,1,1,0,0,0,0,0,,,,,,
R_3CDvvC0yBgt5mra,1,30,10,60,43,6,0,1,0,0,0,0,0,0,0,1,0,1,0,0,0,1,0,0,0,0,1,0,0,0,0,1,0,0,0,1,0,0,20,0,1,1,1,0,1,1,1,0,0,0,0,0,,,,,,
R_1fje9A07AnpMTEc,0,20.0,16.7,53.3,43.6,6.0,0,1,0,0,0,0,0,0,1,0,0,0,0,0,0,0,0,1,0,0,1,0,0,1,0,0,0,0,0,0,1,0,19,1,0,0,1,1,0,0,0,0,1,1,0,0,,,,,,
R_3PYSrGD9OObpmRn,0,20.0,26.7,53.3,43.7,6.0,0,0,1,0,0,0,0,0,1,0,0,0,0,1,0,0,0,0,1,0,1,0,0,1,0,0,0,1,0,1,1,0,20,1,1,1,1,0,1,1,0,1,1,0,0,1,,,,,,
R_3PYSrGD9OObpmRn,0,20.0,26.7,53.3,43.7,6.0,0,0,1,0,0,0,0,0,1,0,0,0,0,1,0,0,0,0,1,0,1,0,0,1,0,0,0,1,0,1,1,0,20,1,1,1,1,0,1,1,0,1,1,0,0,1,,,,,,
R_3PYSrGD9OObpmRn,0,20.0,26.7,53.3,43.7,6.0,0,0,1,0,0,0,0,0,1,0,0,0,0,1,0,0,0,0,1,0,1,0,0,1,0,0,0,1,0,1,1,0,20,1,1,1,1,0,1,0,0,0,1,0,0,0,,,,,,
R_3PYSrGD9OObpmRn,0,20.0,26.7,53.3,43.7,6.0,0,0,1,0,0,0,0,0,1,0,0,0,0,1,0,0,0,0,1,0,1,0,0,1,0,0,0,1,0,1,1,0,20,1,1,1,1,1,1,1,1,1,1,1,0,1,,,,,,
R_pbAyP3KuxazQarL,0,46.7,13.3,40.0,43.7,2.0,0,0,1,0,0,0,0,0,1,0,0,0,1,0,1,0,0,0,0,0,1,0,0,1,0,0,0,1,0,1,1,0,19,1,0,0,1,1,0,0,0,0,1,1,0,0,,,,,,
R_1IMpAcCURvWyvTe,0,20.0,13.3,56.7,44.1,6.0,0,1,0,0,0,0,0,0,1,0,0,0,0,1,0,1,0,0,0,0,1,0,0,0,1,0,0,0,0,1,1,0,18,0,1,1,1,1,0,0,0,1,1,1,0,0,,,,,,
R_1IMpAcCURvWyvTe,0,20.0,13.3,56.7,44.1,6.0,0,1,0,0,0,0,0,0,1,0,0,0,0,1,0,1,0,0,0,0,1,0,0,0,1,0,0,0,0,1,1,0,18,0,1,0,0,0,0,0,0,0,1,1,1,1,,,,,,
R_1f3LX4XZUkwkmSg,0,20.0,13.3,66.7,44.5,6.0,0,0,1,0,0,0,0,0,1,0,0,0,1,0,0,0,0,0,1,0,1,0,0,0,1,0,0,0,0,1,1,0,20,1,0,0,0,0,0,0,0,0,1,1,0,1,,,,,,
R_1f3LX4XZUkwkmSg,0,20.0,13.3,66.7,44.5,6.0,0,0,1,0,0,0,0,0,1,0,0,0,1,0,0,0,0,0,1,0,1,0,0,0,1,0,0,0,0,1,1,0,20,1,0,0,0,0,0,0,0,0,1,1,0,1,,,,,,
R_1f3LX4XZUkwkmSg,0,20.0,13.3,66.7,44.5,6.0,0,0,1,0,0,0,0,0,1,0,0,0,1,0,0,0,0,0,1,0,1,0,0,0,1,0,0,0,0,1,1,0,20,1,0,0,0,0,0,0,0,0,1,1,0,1,,,,,,
R_1f3LX4XZUkwkmSg,0,20.0,13.3,66.7,44.5,6.0,0,0,1,0,0,0,0,0,1,0,0,0,1,0,0,0,0,0,1,0,1,0,0,0,1,0,0,0,0,1,1,0,20,1,0,0,0,0,0,0,0,0,1,1,0,1,,,,,,
R_1f3LX4XZUkwkmSg,0,20.0,13.3,66.7,44.5,6.0,0,0,1,0,0,0,0,0,1,0,0,0,1,0,0,0,0,0,1,0,1,0,0,0,1,0,0,0,0,1,1,0,20,1,0,0,0,0,0,0,0,0,1,1,0,1,,,,,,
R_1f3LX4XZUkwkmSg,0,20.0,13.3,66.7,44.5,6.0,0,0,1,0,0,0,0,0,1,0,0,0,1,0,0,0,0,0,1,0,1,0,0,0,1,0,0,0,0,1,1,0,20,1,0,0,0,0,0,0,0,0,1,1,0,1,,,,,,
R_1f3LX4XZUkwkmSg,0,20.0,13.3,66.7,44.5,6.0,0,0,1,0,0,0,0,0,1,0,0,0,1,0,0,0,0,0,1,0,1,0,0,0,1,0,0,0,0,1,1,0,20,1,0,0,0,0,0,0,0,0,1,1,0,1,,,,,,
R_1f3LX4XZUkwkmSg,0,20.0,13.3,66.7,44.5,6.0,0,0,1,0,0,0,0,0,1,0,0,0,1,0,0,0,0,0,1,0,1,0,0,0,1,0,0,0,0,1,1,0,20,1,0,0,0,0,0,0,0,0,1,1,0,1,,,,,,
R_1f3LX4XZUkwkmSg,0,20.0,13.3,66.7,44.5,6.0,0,0,1,0,0,0,0,0,1,0,0,0,1,0,0,0,0,0,1,0,1,0,0,0,1,0,0,0,0,1,1,0,20,1,0,0,0,0,0,0,0,0,1,1,0,0,,,,,,
R_1f3LX4XZUkwkmSg,0,20.0,13.3,66.7,44.5,6.0,0,0,1,0,0,0,0,0,1,0,0,0,1,0,0,0,0,0,1,0,1,0,0,0,1,0,0,0,0,1,1,0,20,1,0,0,0,0,0,0,0,0,1,1,0,0,,,,,,
R_1f3LX4XZUkwkmSg,0,20.0,13.3,66.7,44.5,6.0,0,0,1,0,0,0,0,0,1,0,0,0,1,0,0,0,0,0,1,0,1,0,0,0,1,0,0,0,0,1,1,0,20,1,0,0,0,0,0,0,0,0,1,1,0,0,,,,,,
R_1f3LX4XZUkwkmSg,0,20.0,13.3,66.7,44.5,6.0,0,0,1,0,0,0,0,0,1,0,0,0,1,0,0,0,0,0,1,0,1,0,0,0,1,0,0,0,0,1,1,0,20,1,0,0,0,0,0,0,0,0,1,1,0,0,,,,,,
R_1f3LX4XZUkwkmSg,0,20.0,13.3,66.7,44.5,6.0,0,0,1,0,0,0,0,0,1,0,0,0,1,0,0,0,0,0,1,0,1,0,0,0,1,0,0,0,0,1,1,0,20,1,0,0,1,1,0,1,1,0,1,1,0,0,,,,,,
R_1f3LX4XZUkwkmSg,0,20.0,13.3,66.7,44.5,6.0,0,0,1,0,0,0,0,0,1,0,0,0,1,0,0,0,0,0,1,0,1,0,0,0,1,0,0,0,0,1,1,0,20,1,0,0,1,1,0,1,1,0,1,1,0,0,,,,,,
R_1f3LX4XZUkwkmSg,0,20.0,13.3,66.7,44.5,6.0,0,0,1,0,0,0,0,0,1,0,0,0,1,0,0,0,0,0,1,0,1,0,0,0,1,0,0,0,0,1,1,0,20,1,0,0,1,1,0,1,1,0,1,1,0,1,,,,,,
R_1f3LX4XZUkwkmSg,0,20.0,13.3,66.7,44.5,6.0,0,0,1,0,0,0,0,0,1,0,0,0,1,0,0,0,0,0,1,0,1,0,0,0,1,0,0,0,0,1,1,0,20,1,0,1,1,1,1,1,1,1,1,1,0,1,,,,,,
R_2wc0R5gRlquytzX,1,33,17,43,45,6,0,1,0,0,0,0,0,0,0,1,0,0,0,1,0,0,0,0,1,0,1,0,0,0,0,1,0,0,0,1,1,0,18,0,1,1,0,1,0,1,1,0,0,1,1,0,,,,,,
R_3LifZPHqr2XoGQI,1,20,37,37,45,7,0,0,1,0,0,0,0,0,1,0,1,0,0,0,0,1,0,0,0,0,1,0,0,0,1,0,0,0,0,1,1,0,19,1,1,1,1,0,0,1,1,0,0,0,0,1,,,,,,
R_SOyYckeIr36IGCR,0,26.7,16.7,50.0,44.6,6.0,0,0,1,0,0,0,0,0,1,0,0,1,0,0,0,0,1,0,0,0,1,0,0,1,0,0,0,1,0,1,1,0,18,1,0,0,1,1,0,1,1,0,1,1,0,0,,,,,,
R_SOyYckeIr36IGCR,0,26.7,16.7,50.0,44.6,6.0,0,0,1,0,0,0,0,0,1,0,0,1,0,0,0,0,1,0,0,0,1,0,0,1,0,0,0,1,0,1,1,0,18,1,0,0,1,1,1,1,0,0,1,1,0,0,,,,,,
R_9z7Qs7TWRfxOrWp,0,6.7,33.3,60.0,45.1,6.0,0,0,1,0,0,0,0,0,1,0,0,0,1,0,0,0,0,0,1,0,1,0,0,0,1,0,0,0,0,1,1,0,22,0,1,0,0,0,0,0,0,1,1,1,0,0,,,,,,
R_1o26OuprtIN0XwG,1,17,23,47,45,6,0,1,0,0,0,0,0,1,0,0,0,1,0,0,0,0,1,0,0,1,0,0,0,0,1,0,0,0,0,1,1,0,20,0,1,0,0,1,0,1,1,0,0,1,1,0,,,,,,
R_2zkCkgWmei3FT0P,1,13,47,40,45,5,0,1,0,0,0,0,0,0,1,0,1,0,0,0,0,1,0,0,0,0,1,0,0,0,1,0,0,0,0,1,1,0,22,0,1,0,1,0,0,0,0,1,1,0,0,0,,,,,,
R_24jS80NQEoP6MB5,0,20.0,13.3,53.3,45.6,6.0,0,1,0,0,0,0,0,0,1,0,0,0,0,1,0,0,0,0,1,0,0,1,0,1,0,0,0,0,0,1,1,0,20,0,1,1,1,1,0,0,0,1,1,1,0,0,,,,,,
R_24jS80NQEoP6MB5,0,20.0,13.3,53.3,45.6,6.0,0,1,0,0,0,0,0,0,1,0,0,0,0,1,0,0,0,0,1,0,0,1,0,1,0,0,0,0,0,1,1,0,20,0,1,0,0,1,0,0,1,0,0,1,1,0,,,,,,
R_24jS80NQEoP6MB5,0,20.0,13.3,53.3,45.6,6.0,0,1,0,0,0,0,0,0,1,0,0,0,0,1,0,0,0,0,1,0,0,1,0,1,0,0,0,0,0,1,1,0,20,0,1,0,0,0,0,0,0,0,1,1,1,1,,,,,,
R_24jS80NQEoP6MB5,0,20.0,13.3,53.3,45.6,6.0,0,1,0,0,0,0,0,0,1,0,0,0,0,1,0,0,0,0,1,0,0,1,0,1,0,0,0,0,0,1,1,0,20,0,1,0,0,0,0,0,0,0,1,1,1,1,,,,,,
R_2ayqz0Oj9bHy8z8,0,40.0,6.7,46.7,45.9,7.0,0,0,0,1,0,0,0,1,0,0,0,1,0,0,0,1,0,0,0,0,1,0,0,0,0,1,0,0,0,1,1,0,18,1,0,0,0,0,0,0,0,0,1,1,0,1,,,,,,
R_2ayqz0Oj9bHy8z8,0,40.0,6.7,46.7,45.9,7.0,0,0,0,1,0,0,0,1,0,0,0,1,0,0,0,1,0,0,0,0,1,0,0,0,0,1,0,0,0,1,1,0,18,1,0,0,1,1,1,1,1,0,1,1,1,0,,,,,,
R_3RpY7r3iQgmTLeR,1,30,3,50,46,6,0,1,0,0,0,0,0,0,1,0,1,0,0,0,0,1,0,0,0,0,1,0,0,0,0,1,0,0,0,1,1,0,18,0,1,0,1,0,0,0,0,1,1,0,0,0,,,,,,
R_3RpY7r3iQgmTLeR,1,30,3,50,46,6,0,1,0,0,0,0,0,0,1,0,1,0,0,0,0,1,0,0,0,0,1,0,0,0,0,1,0,0,0,1,1,0,18,0,1,0,1,1,0,0,0,1,1,0,1,0,,,,,,
R_3RpY7r3iQgmTLeR,1,30,3,50,46,6,0,1,0,0,0,0,0,0,1,0,1,0,0,0,0,1,0,0,0,0,1,0,0,0,0,1,0,0,0,1,1,0,18,0,1,1,1,1,0,1,0,1,1,1,0,1,,,,,,
R_3RpY7r3iQgmTLeR,1,30,3,50,46,6,0,1,0,0,0,0,0,0,1,0,1,0,0,0,0,1,0,0,0,0,1,0,0,0,0,1,0,0,0,1,1,0,18,0,1,0,1,1,0,0,0,1,1,0,1,0,,,,,,
R_29ufMe1jIHgbCkg,0,30.0,26.7,43.3,46.2,6.0,0,1,0,0,0,0,0,0,1,0,0,0,1,0,0,0,0,1,0,0,1,0,0,0,1,0,0,0,0,1,1,0,22,0,1,1,1,1,0,0,0,1,1,1,0,0,,,,,,
R_2E67vvNmsSc1dki,1,13,17,53,47,6,0,0,1,0,0,1,0,0,1,0,0,1,0,0,1,0,0,0,0,0,1,0,0,1,0,0,0,0,0,1,1,0,20,1,1,0,1,0,0,1,0,0,0,0,0,0,,,,,,
R_3sWkq70sHZxdBp7,1,27,20,47,47,6,0,1,0,0,0,0,0,0,1,0,1,0,0,0,0,1,0,0,0,0,1,0,0,1,0,0,0,0,1,1,1,1,29,0,1,1,1,1,0,0,0,0,0,0,1,1,,,,,,
R_1IskWfwBcFrFFe4,1,23,13,63,47,7,0,0,1,0,0,0,0,0,1,0,1,0,0,0,1,0,0,0,0,0,1,0,0,0,0,1,0,0,0,1,1,0,21,0,1,0,1,1,0,0,0,0,0,0,0,0,,,,,,
R_1IskWfwBcFrFFe4,1,23,13,63,47,7,0,0,1,0,0,0,0,0,1,0,1,0,0,0,1,0,0,0,0,0,1,0,0,0,0,1,0,0,0,1,1,0,21,0,1,1,1,0,1,1,1,0,0,0,0,0,,,,,,
R_2Ce7W2xf24zmPBi,0,23.3,16.7,46.7,46.7,6.0,0,0,1,0,0,0,0,0,0,1,0,0,0,1,0,0,0,0,1,0,1,0,0,0,1,0,0,0,0,1,1,0,19,0,1,0,1,1,1,1,0,1,1,1,0,0,,,,,,
R_3oARprgKZtQB3uP,0,3.3,46.7,40.0,47.2,5.0,0,1,0,0,0,0,0,0,1,0,0,0,1,0,0,1,0,0,0,0,1,0,0,0,1,0,0,0,0,1,0,0,21,0,0,0,1,1,0,1,1,0,1,1,1,0,,,,,,
R_1Dwk8RjeIsw5H4y,1,47,10,37,47,1,0,1,0,0,0,0,0,0,0,1,0,1,0,0,1,0,0,0,0,0,1,0,0,0,0,1,0,0,0,1,1,0,22,0,1,0,0,1,0,0,1,0,0,1,0,1,,,,,,
R_2rSYKcCRwBaQvFq,0,30.0,3.3,56.7,47.5,7.0,0,0,1,0,0,0,0,1,0,0,0,0,1,0,0,0,0,0,1,0,1,0,0,0,0,1,0,0,0,1,1,0,19,1,1,1,1,1,0,1,1,0,1,1,0,0,,,,,,
R_3pclubE2LhMNPDj,0,30.0,13.3,46.7,47.8,7.0,0,0,1,0,0,0,0,0,0,1,1,0,0,0,1,0,0,0,0,0,1,0,0,0,0,1,0,1,0,1,1,0,20,0,1,1,1,1,0,0,0,1,1,1,0,0,,,,,,
R_3pclubE2LhMNPDj,0,30.0,13.3,46.7,47.8,7.0,0,0,1,0,0,0,0,0,0,1,1,0,0,0,1,0,0,0,0,0,1,0,0,0,0,1,0,1,0,1,1,0,20,0,1,1,1,1,0,0,0,0,1,1,0,0,,,,,,
R_u3v0BXR8qwmGMlb,1,27,17,57,48,6,0,1,0,0,0,0,0,0,0,1,0,0,0,0,0,0,0,0,1,0,1,0,0,0,0,1,0,0,1,1,1,0,21,0,0,0,0,0,0,1,1,1,1,0,1,1,,,,,,
R_u3v0BXR8qwmGMlb,1,27,17,57,48,6,0,1,0,0,0,0,0,0,0,1,0,0,0,0,0,0,0,0,1,0,1,0,0,0,0,1,0,0,1,1,1,0,21,0,0,0,0,0,0,0,0,0,0,0,1,0,,,,,,
R_BMldhK8IQhhc2EF,1,33,23,43,48,7,0,1,0,0,0,0,0,0,0,1,0,0,1,0,0,0,0,1,0,0,1,0,0,0,0,0,0,0,0,1,1,0,18,0,1,0,1,1,1,0,0,0,0,1,0,1,,,,,,
R_31dbl7RArlFyAPo,1,27,30,40,48,7,0,0,1,0,0,0,0,0,1,0,0,1,0,0,0,1,0,0,0,0,1,0,0,0,0,1,0,0,0,1,1,0,21,1,1,0,1,0,1,0,0,0,0,0,0,0,,,,,,
R_31dbl7RArlFyAPo,1,27,30,40,48,7,0,0,1,0,0,0,0,0,1,0,0,1,0,0,0,1,0,0,0,0,1,0,0,0,0,1,0,0,0,1,1,0,21,1,1,0,1,1,1,1,0,1,1,0,1,0,,,,,,
R_2EFUw734fzfHH3z,1,23,17,50,48,6,0,1,0,0,0,0,0,0,1,0,0,0,0,1,0,0,0,1,0,1,0,0,0,0,1,0,0,0,0,1,0,0,21,1,1,0,1,1,0,0,0,1,1,0,1,0,,,,,,
R_2EFUw734fzfHH3z,1,23,17,50,48,6,0,1,0,0,0,0,0,0,1,0,0,0,0,1,0,0,0,1,0,1,0,0,0,0,1,0,0,0,0,1,0,0,21,1,1,1,1,0,1,1,1,0,0,0,0,0,,,,,,
R_2E4e8I5HYqpIxkJ,0,16.7,26.7,50.0,48.0,6.0,0,0,1,0,0,0,0,1,0,0,0,0,1,0,0,0,1,0,0,0,1,0,0,0,1,0,0,0,0,1,1,0,18,0,0,0,0,0,0,0,0,1,1,1,0,0,,,,,,
R_2E4e8I5HYqpIxkJ,0,16.7,26.7,50.0,48.0,6.0,0,0,1,0,0,0,0,1,0,0,0,0,1,0,0,0,1,0,0,0,1,0,0,0,1,0,0,0,0,1,1,0,18,0,0,0,0,0,0,0,0,1,1,1,0,0,,,,,,
R_2E4e8I5HYqpIxkJ,0,16.7,26.7,50.0,48.0,6.0,0,0,1,0,0,0,0,1,0,0,0,0,1,0,0,0,1,0,0,0,1,0,0,0,1,0,0,0,0,1,1,0,18,0,0,0,0,0,0,0,0,1,1,1,0,0,,,,,,
R_2E4e8I5HYqpIxkJ,0,16.7,26.7,50.0,48.0,6.0,0,0,1,0,0,0,0,1,0,0,0,0,1,0,0,0,1,0,0,0,1,0,0,0,1,0,0,0,0,1,1,0,18,0,0,0,0,0,0,0,0,1,1,1,0,0,,,,,,
R_2E4e8I5HYqpIxkJ,0,16.7,26.7,50.0,48.0,6.0,0,0,1,0,0,0,0,1,0,0,0,0,1,0,0,0,1,0,0,0,1,0,0,0,1,0,0,0,0,1,1,0,18,0,0,1,1,1,0,0,0,1,1,1,0,0,,,,,,
R_2E4e8I5HYqpIxkJ,0,16.7,26.7,50.0,48.0,6.0,0,0,1,0,0,0,0,1,0,0,0,0,1,0,0,0,1,0,0,0,1,0,0,0,1,0,0,0,0,1,1,0,18,0,0,1,1,1,0,0,0,1,1,1,0,0,,,,,,
R_2E4e8I5HYqpIxkJ,0,16.7,26.7,50.0,48.0,6.0,0,0,1,0,0,0,0,1,0,0,0,0,1,0,0,0,1,0,0,0,1,0,0,0,1,0,0,0,0,1,1,0,18,0,0,1,1,1,0,1,1,0,1,1,0,0,,,,,,
R_2E4e8I5HYqpIxkJ,0,16.7,26.7,50.0,48.0,6.0,0,0,1,0,0,0,0,1,0,0,0,0,1,0,0,0,1,0,0,0,1,0,0,0,1,0,0,0,0,1,1,0,18,0,0,1,1,1,1,1,1,1,1,1,0,1,,,,,,
R_phHWGMIOCeLfqQV,1,3,43,50,48,6,0,0,1,0,0,0,1,0,0,0,0,0,1,0,0,0,0,1,0,0,1,0,0,0,1,0,0,0,0,1,1,0,23,1,1,0,1,0,0,1,1,1,1,0,1,1,,,,,,
R_1rIgYVTpmDl5rpq,1,23,10,57,48,6,0,0,1,0,0,0,0,0,0,1,0,0,0,1,0,0,0,1,0,0,1,0,0,1,0,0,0,0,0,0,0,0,24,1,1,1,1,0,0,1,1,0,0,0,0,1,,,,,,
R_1q84bQnlWonO2Gi,1,10,37,47,49,6,0,0,1,0,0,0,0,0,1,0,0,1,0,0,0,0,0,1,0,0,1,0,0,0,0,1,0,0,0,1,1,0,20,1,1,0,1,0,0,0,0,1,1,0,0,0,,,,,,
R_1q84bQnlWonO2Gi,1,10,37,47,49,6,0,0,1,0,0,0,0,0,1,0,0,1,0,0,0,0,0,1,0,0,1,0,0,0,0,1,0,0,0,1,1,0,20,1,1,0,1,1,0,0,0,1,1,0,1,0,,,,,,
R_1q84bQnlWonO2Gi,1,10,37,47,49,6,0,0,1,0,0,0,0,0,1,0,0,1,0,0,0,0,0,1,0,0,1,0,0,0,0,1,0,0,0,1,1,0,20,1,1,0,1,1,0,0,0,0,1,0,0,1,,,,,,
R_1q84bQnlWonO2Gi,1,10,37,47,49,6,0,0,1,0,0,0,0,0,1,0,0,1,0,0,0,0,0,1,0,0,1,0,0,0,0,1,0,0,0,1,1,0,20,1,1,0,1,1,0,0,0,1,1,0,1,0,,,,,,
R_1q84bQnlWonO2Gi,1,10,37,47,49,6,0,0,1,0,0,0,0,0,1,0,0,1,0,0,0,0,0,1,0,0,1,0,0,0,0,1,0,0,0,1,1,0,20,1,1,1,1,0,1,1,1,0,0,0,0,0,,,,,,
R_1q84bQnlWonO2Gi,1,10,37,47,49,6,0,0,1,0,0,0,0,0,1,0,0,1,0,0,0,0,0,1,0,0,1,0,0,0,0,1,0,0,0,1,1,0,20,1,1,1,1,0,1,1,1,0,0,0,0,0,,,,,,
R_1q84bQnlWonO2Gi,1,10,37,47,49,6,0,0,1,0,0,0,0,0,1,0,0,1,0,0,0,0,0,1,0,0,1,0,0,0,0,1,0,0,0,1,1,0,20,1,1,1,1,0,1,1,1,0,0,0,0,0,,,,,,
R_1q84bQnlWonO2Gi,1,10,37,47,49,6,0,0,1,0,0,0,0,0,1,0,0,1,0,0,0,0,0,1,0,0,1,0,0,0,0,1,0,0,0,1,1,0,20,1,1,1,1,0,1,1,1,0,0,0,0,0,,,,,,
R_tXJp8nico44biIp,0,0.0,60.0,40.0,48.8,4.0,0,0,1,0,0,0,0,1,0,0,0,0,0,1,0,0,0,0,1,0,1,0,0,0,0,1,0,1,0,0,1,0,20,0,0,0,0,0,0,0,0,1,1,1,0,0,,,,,,
R_3NxgqWSeN6iLmcO,0,16.7,23.3,60.0,49.2,6.0,0,0,1,0,0,0,0,1,0,0,0,1,0,0,0,0,0,0,1,0,1,0,0,1,0,0,0,1,0,0,1,0,18,1,0,0,1,1,0,1,1,0,1,1,0,0,,,,,,
R_3NxgqWSeN6iLmcO,0,16.7,23.3,60.0,49.2,6.0,0,0,1,0,0,0,0,1,0,0,0,1,0,0,0,0,0,0,1,0,1,0,0,1,0,0,0,1,0,0,1,0,18,1,0,0,1,1,0,1,1,0,1,1,0,0,,,,,,
R_3NxgqWSeN6iLmcO,0,16.7,23.3,60.0,49.2,6.0,0,0,1,0,0,0,0,1,0,0,0,1,0,0,0,0,0,0,1,0,1,0,0,1,0,0,0,1,0,0,1,0,18,1,0,0,1,1,1,1,1,0,1,1,1,0,,,,,,
R_3NxgqWSeN6iLmcO,0,16.7,23.3,60.0,49.2,6.0,0,0,1,0,0,0,0,1,0,0,0,1,0,0,0,0,0,0,1,0,1,0,0,1,0,0,0,1,0,0,1,0,18,1,0,1,1,1,0,1,1,0,1,1,0,0,,,,,,
R_1DANvNT4IzD42VL,1,3,40,47,49,6,0,0,1,0,0,0,0,0,1,0,0,0,1,0,0,0,0,1,0,0,1,0,0,0,1,0,0,0,0,1,0,0,18,1,1,0,1,0,0,1,0,0,0,0,0,0,,,,,,
R_3QMDxMVYHmSQ2gA,1,30,10,50,50,7,0,0,1,0,0,0,0,0,1,0,0,0,1,0,0,0,0,1,0,0,1,0,0,0,1,0,0,0,0,1,1,0,18,0,1,0,0,0,0,0,0,0,1,0,0,0,,,,,,
R_3QMDxMVYHmSQ2gA,1,30,10,50,50,7,0,0,1,0,0,0,0,0,1,0,0,0,1,0,0,0,0,1,0,0,1,0,0,0,1,0,0,0,0,1,1,0,18,0,1,0,1,1,1,1,0,1,1,0,1,0,,,,,,
R_3nGyrImqZPImbky,1,27,10,57,50,6,0,0,1,0,0,0,0,0,1,0,0,1,0,0,0,0,1,0,0,0,1,0,0,1,0,0,0,0,0,1,1,0,20,0,1,0,1,1,0,0,0,1,1,0,1,0,,,,,,
R_3qBE8jgj2Ohcwsk,1,30,17,53,50,6,0,1,0,0,0,0,0,0,0,0,0,0,0,0,0,0,0,0,1,0,1,0,0,0,0,1,0,0,0,1,1,0,0,0,1,0,1,1,0,0,0,0,1,1,0,0,,,,,,
R_3qBE8jgj2Ohcwsk,1,30,17,53,50,6,0,1,0,0,0,0,0,0,0,0,0,0,0,0,0,0,0,0,1,0,1,0,0,0,0,1,0,0,0,1,1,0,0,0,1,0,1,1,0,0,0,0,1,1,0,0,,,,,,
R_3qBE8jgj2Ohcwsk,1,30,17,53,50,6,0,1,0,0,0,0,0,0,0,0,0,0,0,0,0,0,0,0,1,0,1,0,0,0,0,1,0,0,0,1,1,0,0,0,1,0,1,1,0,0,0,0,1,1,0,0,,,,,,
R_3qBE8jgj2Ohcwsk,1,30,17,53,50,6,0,1,0,0,0,0,0,0,0,0,0,0,0,0,0,0,0,0,1,0,1,0,0,0,0,1,0,0,0,1,1,0,0,0,1,0,1,1,0,0,0,0,1,1,0,0,,,,,,
R_3qBE8jgj2Ohcwsk,1,30,17,53,50,6,0,1,0,0,0,0,0,0,0,0,0,0,0,0,0,0,0,0,1,0,1,0,0,0,0,1,0,0,0,1,1,0,0,0,1,0,1,1,0,0,0,0,1,1,0,0,,,,,,
R_3qBE8jgj2Ohcwsk,1,30,17,53,50,6,0,1,0,0,0,0,0,0,0,0,0,0,0,0,0,0,0,0,1,0,1,0,0,0,0,1,0,0,0,1,1,0,0,0,1,0,1,1,0,0,0,0,1,1,0,0,,,,,,
R_3qBE8jgj2Ohcwsk,1,30,17,53,50,6,0,1,0,0,0,0,0,0,0,0,0,0,0,0,0,0,0,0,1,0,1,0,0,0,0,1,0,0,0,1,1,0,0,0,1,0,1,1,0,0,0,0,1,1,0,0,,,,,,
R_3qBE8jgj2Ohcwsk,1,30,17,53,50,6,0,1,0,0,0,0,0,0,0,0,0,0,0,0,0,0,0,0,1,0,1,0,0,0,0,1,0,0,0,1,1,0,0,0,1,0,1,1,0,0,0,0,1,1,0,0,,,,,,
R_3qBE8jgj2Ohcwsk,1,30,17,53,50,6,0,1,0,0,0,0,0,0,0,0,0,0,0,0,0,0,0,0,1,0,1,0,0,0,0,1,0,0,0,1,1,0,0,0,1,0,1,1,0,0,0,0,1,1,0,0,,,,,,
R_3qBE8jgj2Ohcwsk,1,30,17,53,50,6,0,1,0,0,0,0,0,0,0,0,0,0,0,0,0,0,0,0,1,0,1,0,0,0,0,1,0,0,0,1,1,0,0,0,1,0,1,1,0,0,0,0,1,1,0,0,,,,,,
R_3qBE8jgj2Ohcwsk,1,30,17,53,50,6,0,1,0,0,0,0,0,0,0,0,0,0,0,0,0,0,0,0,1,0,1,0,0,0,0,1,0,0,0,1,1,0,0,0,1,0,1,1,0,0,0,0,1,1,0,0,,,,,,
R_3qBE8jgj2Ohcwsk,1,30,17,53,50,6,0,1,0,0,0,0,0,0,0,0,0,0,0,0,0,0,0,0,1,0,1,0,0,0,0,1,0,0,0,1,1,0,0,0,1,0,1,1,0,0,0,0,1,1,0,0,,,,,,
R_3qBE8jgj2Ohcwsk,1,30,17,53,50,6,0,1,0,0,0,0,0,0,0,0,0,0,0,0,0,0,0,0,1,0,1,0,0,0,0,1,0,0,0,1,1,0,0,0,1,0,1,1,0,0,0,0,1,1,0,0,,,,,,
R_3qBE8jgj2Ohcwsk,1,30,17,53,50,6,0,1,0,0,0,0,0,0,0,0,0,0,0,0,0,0,0,0,1,0,1,0,0,0,0,1,0,0,0,1,1,0,0,0,1,0,1,1,0,0,0,0,1,1,0,0,,,,,,
R_3qBE8jgj2Ohcwsk,1,30,17,53,50,6,0,1,0,0,0,0,0,0,0,0,0,0,0,0,0,0,0,0,1,0,1,0,0,0,0,1,0,0,0,1,1,0,0,0,1,0,1,1,0,0,0,0,1,1,0,0,,,,,,
R_3qBE8jgj2Ohcwsk,1,30,17,53,50,6,0,1,0,0,0,0,0,0,0,0,0,0,0,0,0,0,0,0,1,0,1,0,0,0,0,1,0,0,0,1,1,0,0,0,1,0,1,1,0,0,0,0,1,1,0,0,,,,,,
R_3qBE8jgj2Ohcwsk,1,30,17,53,50,6,0,1,0,0,0,0,0,0,0,0,0,0,0,0,0,0,0,0,1,0,1,0,0,0,0,1,0,0,0,1,1,0,0,0,1,0,1,1,0,0,0,0,1,1,0,0,,,,,,
R_3qBE8jgj2Ohcwsk,1,30,17,53,50,6,0,1,0,0,0,0,0,0,0,0,0,0,0,0,0,0,0,0,1,0,1,0,0,0,0,1,0,0,0,1,1,0,0,0,1,0,1,1,0,0,0,0,1,1,0,0,,,,,,
R_3qBE8jgj2Ohcwsk,1,30,17,53,50,6,0,1,0,0,0,0,0,0,0,0,0,0,0,0,0,0,0,0,1,0,1,0,0,0,0,1,0,0,0,1,1,0,0,0,1,0,1,1,0,0,0,0,1,1,0,0,,,,,,
R_3qBE8jgj2Ohcwsk,1,30,17,53,50,6,0,1,0,0,0,0,0,0,0,0,0,0,0,0,0,0,0,0,1,0,1,0,0,0,0,1,0,0,0,1,1,0,0,0,1,0,1,1,0,0,0,0,1,1,0,0,,,,,,
R_3qBE8jgj2Ohcwsk,1,30,17,53,50,6,0,1,0,0,0,0,0,0,0,0,0,0,0,0,0,0,0,0,1,0,1,0,0,0,0,1,0,0,0,1,1,0,0,0,1,0,1,1,0,0,0,0,1,1,0,0,,,,,,
R_3qBE8jgj2Ohcwsk,1,30,17,53,50,6,0,1,0,0,0,0,0,0,0,0,0,0,0,0,0,0,0,0,1,0,1,0,0,0,0,1,0,0,0,1,1,0,0,0,1,0,1,1,0,0,0,0,1,1,0,0,,,,,,
R_3qBE8jgj2Ohcwsk,1,30,17,53,50,6,0,1,0,0,0,0,0,0,0,0,0,0,0,0,0,0,0,0,1,0,1,0,0,0,0,1,0,0,0,1,1,0,0,0,1,0,1,1,0,0,0,0,1,1,0,0,,,,,,
R_3qBE8jgj2Ohcwsk,1,30,17,53,50,6,0,1,0,0,0,0,0,0,0,0,0,0,0,0,0,0,0,0,1,0,1,0,0,0,0,1,0,0,0,1,1,0,0,0,1,0,1,1,0,0,0,0,1,1,0,0,,,,,,
R_3qBE8jgj2Ohcwsk,1,30,17,53,50,6,0,1,0,0,0,0,0,0,0,0,0,0,0,0,0,0,0,0,1,0,1,0,0,0,0,1,0,0,0,1,1,0,0,0,1,0,1,1,0,0,0,0,1,1,0,0,,,,,,
R_3qBE8jgj2Ohcwsk,1,30,17,53,50,6,0,1,0,0,0,0,0,0,0,0,0,0,0,0,0,0,0,0,1,0,1,0,0,0,0,1,0,0,0,1,1,0,0,0,1,0,1,1,0,0,0,0,1,1,0,0,,,,,,
R_3qBE8jgj2Ohcwsk,1,30,17,53,50,6,0,1,0,0,0,0,0,0,0,0,0,0,0,0,0,0,0,0,1,0,1,0,0,0,0,1,0,0,0,1,1,0,0,0,1,0,1,1,0,0,0,0,1,1,0,0,,,,,,
R_3qBE8jgj2Ohcwsk,1,30,17,53,50,6,0,1,0,0,0,0,0,0,0,0,0,0,0,0,0,0,0,0,1,0,1,0,0,0,0,1,0,0,0,1,1,0,0,0,1,0,1,1,0,0,0,0,1,1,0,0,,,,,,
R_3qBE8jgj2Ohcwsk,1,30,17,53,50,6,0,1,0,0,0,0,0,0,0,0,0,0,0,0,0,0,0,0,1,0,1,0,0,0,0,1,0,0,0,1,1,0,0,0,1,0,1,1,0,0,0,0,1,1,0,0,,,,,,
R_3qBE8jgj2Ohcwsk,1,30,17,53,50,6,0,1,0,0,0,0,0,0,0,0,0,0,0,0,0,0,0,0,1,0,1,0,0,0,0,1,0,0,0,1,1,0,0,0,1,0,1,1,0,0,0,0,1,1,0,0,,,,,,
R_3qBE8jgj2Ohcwsk,1,30,17,53,50,6,0,1,0,0,0,0,0,0,0,0,0,0,0,0,0,0,0,0,1,0,1,0,0,0,0,1,0,0,0,1,1,0,0,0,1,0,1,1,0,0,0,0,1,1,0,0,,,,,,
R_3qBE8jgj2Ohcwsk,1,30,17,53,50,6,0,1,0,0,0,0,0,0,0,0,0,0,0,0,0,0,0,0,1,0,1,0,0,0,0,1,0,0,0,1,1,0,0,0,1,0,1,1,0,0,0,0,1,1,0,0,,,,,,
R_3qBE8jgj2Ohcwsk,1,30,17,53,50,6,0,1,0,0,0,0,0,0,0,0,0,0,0,0,0,0,0,0,1,0,1,0,0,0,0,1,0,0,0,1,1,0,0,0,1,1,0,1,0,1,1,0,0,1,1,0,,,,,,
R_3qBE8jgj2Ohcwsk,1,30,17,53,50,6,0,1,0,0,0,0,0,0,0,0,0,0,0,0,0,0,0,0,1,0,1,0,0,0,0,1,0,0,0,1,1,0,0,0,1,0,1,0,0,0,0,0,0,0,0,0,,,,,,
R_3qBE8jgj2Ohcwsk,1,30,17,53,50,6,0,1,0,0,0,0,0,0,0,0,0,0,0,0,0,0,0,0,1,0,1,0,0,0,0,1,0,0,0,1,1,0,0,0,1,0,1,0,0,0,0,0,1,0,0,0,,,,,,
R_3qBE8jgj2Ohcwsk,1,30,17,53,50,6,0,1,0,0,0,0,0,0,0,0,0,0,0,0,0,0,0,0,1,0,1,0,0,0,0,1,0,0,0,1,1,0,0,0,1,0,1,0,0,0,0,0,0,0,0,0,,,,,,
R_3qBE8jgj2Ohcwsk,1,30,17,53,50,6,0,1,0,0,0,0,0,0,0,0,0,0,0,0,0,0,0,0,1,0,1,0,0,0,0,1,0,0,0,1,1,0,0,0,1,0,1,1,0,0,0,1,1,0,1,0,,,,,,
R_3qBE8jgj2Ohcwsk,1,30,17,53,50,6,0,1,0,0,0,0,0,0,0,0,0,0,0,0,0,0,0,0,1,0,1,0,0,0,0,1,0,0,0,1,1,0,0,0,1,0,1,0,0,0,0,0,0,0,0,0,,,,,,
R_3qBE8jgj2Ohcwsk,1,30,17,53,50,6,0,1,0,0,0,0,0,0,0,0,0,0,0,0,0,0,0,0,1,0,1,0,0,0,0,1,0,0,0,1,1,0,0,0,1,0,1,0,0,0,0,0,1,0,0,0,,,,,,
R_3qBE8jgj2Ohcwsk,1,30,17,53,50,6,0,1,0,0,0,0,0,0,0,0,0,0,0,0,0,0,0,0,1,0,1,0,0,0,0,1,0,0,0,1,1,0,0,0,1,0,1,0,0,0,0,0,0,0,0,0,,,,,,
R_3qBE8jgj2Ohcwsk,1,30,17,53,50,6,0,1,0,0,0,0,0,0,0,0,0,0,0,0,0,0,0,0,1,0,1,0,0,0,0,1,0,0,0,1,1,0,0,0,1,0,1,0,0,0,0,1,1,0,0,0,,,,,,
R_3qBE8jgj2Ohcwsk,1,30,17,53,50,6,0,1,0,0,0,0,0,0,0,0,0,0,0,0,0,0,0,0,1,0,1,0,0,0,0,1,0,0,0,1,1,0,0,0,1,0,1,0,0,0,0,0,0,0,0,0,,,,,,
R_3qBE8jgj2Ohcwsk,1,30,17,53,50,6,0,1,0,0,0,0,0,0,0,0,0,0,0,0,0,0,0,0,1,0,1,0,0,0,0,1,0,0,0,1,1,0,0,0,1,0,1,0,0,0,0,0,1,0,0,0,,,,,,
R_3qBE8jgj2Ohcwsk,1,30,17,53,50,6,0,1,0,0,0,0,0,0,0,0,0,0,0,0,0,0,0,0,1,0,1,0,0,0,0,1,0,0,0,1,1,0,0,0,1,0,1,0,0,0,0,0,0,0,0,0,,,,,,
R_3qBE8jgj2Ohcwsk,1,30,17,53,50,6,0,1,0,0,0,0,0,0,0,0,0,0,0,0,0,0,0,0,1,0,1,0,0,0,0,1,0,0,0,1,1,0,0,0,1,0,1,1,0,0,0,1,1,0,1,0,,,,,,
R_3qBE8jgj2Ohcwsk,1,30,17,53,50,6,0,1,0,0,0,0,0,0,0,0,0,0,0,0,0,0,0,0,1,0,1,0,0,0,0,1,0,0,0,1,1,0,0,0,1,0,1,0,0,0,0,0,0,0,0,0,,,,,,
R_3qBE8jgj2Ohcwsk,1,30,17,53,50,6,0,1,0,0,0,0,0,0,0,0,0,0,0,0,0,0,0,0,1,0,1,0,0,0,0,1,0,0,0,1,1,0,0,0,1,0,1,0,0,0,0,0,1,0,0,0,,,,,,
R_3qBE8jgj2Ohcwsk,1,30,17,53,50,6,0,1,0,0,0,0,0,0,0,0,0,0,0,0,0,0,0,0,1,0,1,0,0,0,0,1,0,0,0,1,1,0,0,0,1,0,1,0,0,0,0,0,0,0,0,0,,,,,,
R_3qBE8jgj2Ohcwsk,1,30,17,53,50,6,0,1,0,0,0,0,0,0,0,0,0,0,0,0,0,0,0,0,1,0,1,0,0,0,0,1,0,0,0,1,1,0,0,0,1,0,0,1,0,0,1,0,0,0,0,0,,,,,,
R_3qBE8jgj2Ohcwsk,1,30,17,53,50,6,0,1,0,0,0,0,0,0,0,0,0,0,0,0,0,0,0,0,1,0,1,0,0,0,0,1,0,0,0,1,1,0,0,0,1,0,1,0,0,0,0,0,0,0,0,0,,,,,,
R_3qBE8jgj2Ohcwsk,1,30,17,53,50,6,0,1,0,0,0,0,0,0,0,0,0,0,0,0,0,0,0,0,1,0,1,0,0,0,0,1,0,0,0,1,1,0,0,0,1,0,1,0,0,0,0,0,1,0,0,0,,,,,,
R_3qBE8jgj2Ohcwsk,1,30,17,53,50,6,0,1,0,0,0,0,0,0,0,0,0,0,0,0,0,0,0,0,1,0,1,0,0,0,0,1,0,0,0,1,1,0,0,0,1,0,1,0,0,0,0,0,0,0,0,0,,,,,,
R_3qBE8jgj2Ohcwsk,1,30,17,53,50,6,0,1,0,0,0,0,0,0,0,0,0,0,0,0,0,0,0,0,1,0,1,0,0,0,0,1,0,0,0,1,1,0,0,0,1,0,1,1,0,0,0,1,1,0,1,0,,,,,,
R_3qBE8jgj2Ohcwsk,1,30,17,53,50,6,0,1,0,0,0,0,0,0,0,0,0,0,0,0,0,0,0,0,1,0,1,0,0,0,0,1,0,0,0,1,1,0,0,0,1,0,1,0,0,0,0,0,0,0,0,0,,,,,,
R_3qBE8jgj2Ohcwsk,1,30,17,53,50,6,0,1,0,0,0,0,0,0,0,0,0,0,0,0,0,0,0,0,1,0,1,0,0,0,0,1,0,0,0,1,1,0,0,0,1,0,1,0,0,0,0,0,1,0,0,0,,,,,,
R_3qBE8jgj2Ohcwsk,1,30,17,53,50,6,0,1,0,0,0,0,0,0,0,0,0,0,0,0,0,0,0,0,1,0,1,0,0,0,0,1,0,0,0,1,1,0,0,0,1,0,1,0,0,0,0,0,0,0,0,0,,,,,,
R_3qBE8jgj2Ohcwsk,1,30,17,53,50,6,0,1,0,0,0,0,0,0,0,0,0,0,0,0,0,0,0,0,1,0,1,0,0,0,0,1,0,0,0,1,1,0,0,0,1,0,1,0,0,0,0,1,1,0,0,0,,,,,,
R_3qBE8jgj2Ohcwsk,1,30,17,53,50,6,0,1,0,0,0,0,0,0,0,0,0,0,0,0,0,0,0,0,1,0,1,0,0,0,0,1,0,0,0,1,1,0,0,0,1,0,1,0,0,0,0,0,0,0,0,0,,,,,,
R_3qBE8jgj2Ohcwsk,1,30,17,53,50,6,0,1,0,0,0,0,0,0,0,0,0,0,0,0,0,0,0,0,1,0,1,0,0,0,0,1,0,0,0,1,1,0,0,0,1,0,1,0,0,0,0,0,1,0,0,0,,,,,,
R_3qBE8jgj2Ohcwsk,1,30,17,53,50,6,0,1,0,0,0,0,0,0,0,0,0,0,0,0,0,0,0,0,1,0,1,0,0,0,0,1,0,0,0,1,1,0,0,0,1,0,1,0,0,0,0,0,0,0,0,0,,,,,,
R_3qBE8jgj2Ohcwsk,1,30,17,53,50,6,0,1,0,0,0,0,0,0,0,0,0,0,0,0,0,0,0,0,1,0,1,0,0,0,0,1,0,0,0,1,1,0,0,0,1,0,1,1,0,0,0,1,1,0,1,0,,,,,,
R_3qBE8jgj2Ohcwsk,1,30,17,53,50,6,0,1,0,0,0,0,0,0,0,0,0,0,0,0,0,0,0,0,1,0,1,0,0,0,0,1,0,0,0,1,1,0,0,0,1,0,1,0,0,0,0,0,0,0,0,0,,,,,,
R_3qBE8jgj2Ohcwsk,1,30,17,53,50,6,0,1,0,0,0,0,0,0,0,0,0,0,0,0,0,0,0,0,1,0,1,0,0,0,0,1,0,0,0,1,1,0,0,0,1,0,1,0,0,0,0,0,1,0,0,0,,,,,,
R_3qBE8jgj2Ohcwsk,1,30,17,53,50,6,0,1,0,0,0,0,0,0,0,0,0,0,0,0,0,0,0,0,1,0,1,0,0,0,0,1,0,0,0,1,1,0,0,0,1,0,1,0,0,0,0,0,0,0,0,0,,,,,,
R_3O7WkWjBNwNeFs8,1,13,47,40,51,4,0,1,0,0,0,0,0,0,0,1,0,1,0,0,0,1,0,0,0,0,1,0,0,1,0,0,0,0,0,1,1,0,18,0,0,0,1,0,0,0,0,1,1,0,0,0,,,,,,
R_3O7WkWjBNwNeFs8,1,13,47,40,51,4,0,1,0,0,0,0,0,0,0,1,0,1,0,0,0,1,0,0,0,0,1,0,0,1,0,0,0,0,0,1,1,0,18,0,0,0,0,0,0,1,0,0,0,0,0,0,,,,,,
R_3HianXPkqpq30dF,1,23,27,50,51,7,0,0,1,0,0,0,0,0,1,0,0,0,1,0,0,0,1,0,0,0,1,0,0,0,0,1,0,0,0,1,1,0,19,1,1,1,1,1,0,0,0,0,0,0,1,1,,,,,,
R_3HianXPkqpq30dF,1,23,27,50,51,7,0,0,1,0,0,0,0,0,1,0,0,0,1,0,0,0,1,0,0,0,1,0,0,0,0,1,0,0,0,1,1,0,19,1,1,1,1,0,0,1,1,0,0,0,0,1,,,,,,
R_2aIXQ00fzw1EQuQ,1,27,13,57,51,6,0,0,1,0,0,0,0,0,1,0,0,1,0,0,0,0,1,0,0,0,1,0,0,0,1,0,0,0,0,0,1,0,19,1,1,0,1,0,0,0,0,1,1,0,0,0,,,,,,
R_3G2l5I6nvUneqUg,1,13,40,47,52,7,1,0,0,0,0,0,0,0,1,0,0,0,0,0,1,0,0,0,0,0,0,1,0,0,0,1,0,0,0,1,1,0,18,1,1,1,1,0,0,1,1,0,0,0,0,1,,,,,,
R_3sh5Jeu6JqvKxyN,1,30,13,57,52,6,1,0,0,0,0,0,0,0,0,1,1,0,0,0,0,0,1,0,0,0,1,0,0,0,0,1,0,0,0,1,1,0,20,1,0,0,1,1,0,0,0,1,1,0,0,0,,,,,,
R_2f6xgBTNXy8Ho3m,0,26.7,10.0,63.3,52.7,6.0,0,0,1,0,0,0,0,0,1,0,0,1,0,0,0,0,0,1,0,1,0,0,0,0,1,0,0,0,0,1,1,0,19,0,1,1,1,1,0,0,0,0,1,1,0,0,,,,,,
R_2aJrp3ZM2Jn6IOp,0,20.0,16.7,56.7,53.0,7.0,0,1,0,0,0,1,0,0,0,0,0,0,1,0,1,0,0,0,0,0,1,0,0,0,1,0,0,0,0,1,1,0,20,1,1,1,1,1,0,0,0,1,1,1,0,0,,,,,,
R_2aJrp3ZM2Jn6IOp,0,20.0,16.7,56.7,53.0,7.0,0,1,0,0,0,1,0,0,0,0,0,0,1,0,1,0,0,0,0,0,1,0,0,0,1,0,0,0,0,1,1,0,20,1,1,1,1,1,0,0,0,1,1,1,0,0,,,,,,
R_2aJrp3ZM2Jn6IOp,0,20.0,16.7,56.7,53.0,7.0,0,1,0,0,0,1,0,0,0,0,0,0,1,0,1,0,0,0,0,0,1,0,0,0,1,0,0,0,0,1,1,0,20,1,1,1,1,0,1,1,0,1,1,0,0,1,,,,,,
R_2aJrp3ZM2Jn6IOp,0,20.0,16.7,56.7,53.0,7.0,0,1,0,0,0,1,0,0,0,0,0,0,1,0,1,0,0,0,0,0,1,0,0,0,1,0,0,0,0,1,1,0,20,1,1,0,1,1,0,1,1,0,1,1,1,0,,,,,,
R_1jTyv61VAGkCVJB,0,10.0,13.3,60.0,53.2,6.0,0,1,0,0,0,0,0,1,0,0,0,1,0,0,0,1,0,0,0,1,0,0,0,0,1,0,0,0,0,1,1,0,19,0,0,1,1,1,0,0,0,0,1,1,0,0,,,,,,
R_1GBvQh673Y9wjPV,1,23,10,60,54,7,0,1,0,0,0,0,0,0,0,1,0,0,1,0,0,0,1,0,0,1,0,0,0,1,0,0,0,1,0,1,1,0,20,1,1,0,1,1,0,0,1,1,1,0,0,0,,,,,,
R_31nhNBgoJL5BDwK,0,30.0,3.3,66.7,54.3,7.0,0,0,1,0,1,0,0,1,0,0,0,0,0,1,0,0,0,0,1,0,0,1,0,0,1,0,0,1,1,1,0,0,19,0,0,1,1,1,0,0,0,1,1,1,0,0,,,,,,
R_31nhNBgoJL5BDwK,0,30.0,3.3,66.7,54.3,7.0,0,0,1,0,1,0,0,1,0,0,0,0,0,1,0,0,0,0,1,0,0,1,0,0,1,0,0,1,1,1,0,0,19,0,0,1,1,1,0,0,0,1,1,1,0,0,,,,,,
R_31nhNBgoJL5BDwK,0,30.0,3.3,66.7,54.3,7.0,0,0,1,0,1,0,0,1,0,0,0,0,0,1,0,0,0,0,1,0,0,1,0,0,1,0,0,1,1,1,0,0,19,0,0,0,1,1,0,1,1,0,1,1,1,0,,,,,,
R_31nhNBgoJL5BDwK,0,30.0,3.3,66.7,54.3,7.0,0,0,1,0,1,0,0,1,0,0,0,0,0,1,0,0,0,0,1,0,0,1,0,0,1,0,0,1,1,1,0,0,19,0,0,1,1,1,1,1,1,1,1,1,0,1,,,,,,
R_2PbYETHdmME9so9,1,0,47,50,54,7,0,1,0,0,0,0,0,0,1,0,0,1,0,0,0,1,0,0,0,0,1,0,0,0,0,1,0,0,0,1,1,0,20,1,1,1,1,0,0,1,1,0,0,0,0,1,,,,,,
R_2rve7EK47h43IBZ,1,17,20,57,55,7,0,0,1,0,0,0,0,0,1,0,0,1,0,0,0,0,1,0,0,0,1,0,0,0,0,1,0,0,0,1,1,0,18,0,1,0,1,0,0,0,0,1,1,0,0,0,,,,,,
R_2rve7EK47h43IBZ,1,17,20,57,55,7,0,0,1,0,0,0,0,0,1,0,0,1,0,0,0,0,1,0,0,0,1,0,0,0,0,1,0,0,0,1,1,0,18,0,1,0,0,1,0,0,1,0,0,1,0,1,,,,,,
R_2rve7EK47h43IBZ,1,17,20,57,55,7,0,0,1,0,0,0,0,0,1,0,0,1,0,0,0,0,1,0,0,0,1,0,0,0,0,1,0,0,0,1,1,0,18,0,1,0,1,0,0,0,0,1,1,0,0,0,,,,,,
R_2rve7EK47h43IBZ,1,17,20,57,55,7,0,0,1,0,0,0,0,0,1,0,0,1,0,0,0,0,1,0,0,0,1,0,0,0,0,1,0,0,0,1,1,0,18,0,1,0,1,1,0,0,0,1,1,0,1,0,,,,,,
R_241p6s1L1RhoOUJ,1,17,10,60,55,6,0,1,0,0,0,0,0,0,0,1,0,0,0,1,1,0,0,0,0,0,1,0,0,0,1,0,0,0,0,1,1,0,19,0,1,0,0,1,0,1,1,0,0,1,1,0,,,,,,
R_OfDuTd6zOI6eBa1,0,33.3,6.7,60.0,55.1,7.0,0,0,0,1,0,0,0,1,0,0,0,0,0,1,0,0,0,0,1,0,1,0,0,0,0,1,0,0,0,1,1,0,18,0,1,0,1,1,0,1,1,0,1,1,1,0,,,,,,
R_1DFPXvRmbMcvpIv,0,13.3,23.3,63.3,55.4,6.0,0,0,1,0,0,0,0,1,0,0,0,1,0,0,0,0,0,1,0,0,1,0,0,1,0,0,0,1,1,1,1,0,22,1,0,0,0,0,0,0,0,1,1,1,0,0,,,,,,
R_1DFPXvRmbMcvpIv,0,13.3,23.3,63.3,55.4,6.0,0,0,1,0,0,0,0,1,0,0,0,1,0,0,0,0,0,1,0,0,1,0,0,1,0,0,0,1,1,1,1,0,22,1,0,1,1,1,1,1,1,1,1,1,0,1,,,,,,
R_3MG7qnuu6LWu6qf,0,10.0,30.0,60.0,55.6,7.0,0,1,0,0,0,0,0,0,1,0,0,0,1,0,0,0,0,1,0,0,1,0,0,0,0,1,0,0,0,1,1,0,20,0,0,1,1,1,0,0,0,1,1,1,0,0,,,,,,
R_3MG7qnuu6LWu6qf,0,10.0,30.0,60.0,55.6,7.0,0,1,0,0,0,0,0,0,1,0,0,0,1,0,0,0,0,1,0,0,1,0,0,0,0,1,0,0,0,1,1,0,20,0,0,0,1,1,0,1,1,0,1,1,1,0,,,,,,
R_3iXpne4dMBEVJQp,0,13.3,16.7,56.7,55.7,6.0,0,0,1,0,0,0,0,1,0,0,0,0,0,1,0,0,0,0,1,0,1,0,0,0,0,0,1,1,0,1,1,0,18,0,0,1,1,1,0,0,0,1,1,1,0,0,,,,,,
R_1q8oiiFxL47RkGP,1,33,10,50,56,7,0,1,0,0,0,0,0,1,0,0,0,0,0,1,0,0,0,1,0,1,0,0,0,1,0,0,0,0,0,1,1,0,20,1,1,0,0,0,0,0,0,0,1,0,0,1,,,,,,
R_1q8oiiFxL47RkGP,1,33,10,50,56,7,0,1,0,0,0,0,0,1,0,0,0,0,0,1,0,0,0,1,0,1,0,0,0,1,0,0,0,0,0,1,1,0,20,1,1,1,1,0,0,1,1,0,0,0,0,1,,,,,,
R_1q8oiiFxL47RkGP,1,33,10,50,56,7,0,1,0,0,0,0,0,1,0,0,0,0,0,1,0,0,0,1,0,1,0,0,0,1,0,0,0,0,0,1,1,0,20,1,1,1,1,0,0,1,0,1,1,0,0,0,,,,,,
R_1q8oiiFxL47RkGP,1,33,10,50,56,7,0,1,0,0,0,0,0,1,0,0,0,0,0,1,0,0,0,1,0,1,0,0,0,1,0,0,0,0,0,1,1,0,20,1,1,1,1,0,0,1,1,0,0,0,0,1,,,,,,
R_1q8oiiFxL47RkGP,1,33,10,50,56,7,0,1,0,0,0,0,0,1,0,0,0,0,0,1,0,0,0,1,0,1,0,0,0,1,0,0,0,0,0,1,1,0,20,1,1,0,1,0,0,0,0,1,1,0,0,0,,,,,,
R_1q8oiiFxL47RkGP,1,33,10,50,56,7,0,1,0,0,0,0,0,1,0,0,0,0,0,1,0,0,0,1,0,1,0,0,0,1,0,0,0,0,0,1,1,0,20,1,1,1,1,0,0,1,1,0,0,0,0,1,,,,,,
R_1q8oiiFxL47RkGP,1,33,10,50,56,7,0,1,0,0,0,0,0,1,0,0,0,0,0,1,0,0,0,1,0,1,0,0,0,1,0,0,0,0,0,1,1,0,20,1,1,1,1,0,0,1,0,1,1,0,0,0,,,,,,
R_1q8oiiFxL47RkGP,1,33,10,50,56,7,0,1,0,0,0,0,0,1,0,0,0,0,0,1,0,0,0,1,0,1,0,0,0,1,0,0,0,0,0,1,1,0,20,1,1,1,1,0,0,1,1,0,0,0,0,1,,,,,,
R_1q8oiiFxL47RkGP,1,33,10,50,56,7,0,1,0,0,0,0,0,1,0,0,0,0,0,1,0,0,0,1,0,1,0,0,0,1,0,0,0,0,0,1,1,0,20,1,1,0,1,1,0,0,0,0,1,0,0,1,,,,,,
R_1q8oiiFxL47RkGP,1,33,10,50,56,7,0,1,0,0,0,0,0,1,0,0,0,0,0,1,0,0,0,1,0,1,0,0,0,1,0,0,0,0,0,1,1,0,20,1,1,1,1,0,0,1,1,0,0,0,0,1,,,,,,
R_1q8oiiFxL47RkGP,1,33,10,50,56,7,0,1,0,0,0,0,0,1,0,0,0,0,0,1,0,0,0,1,0,1,0,0,0,1,0,0,0,0,0,1,1,0,20,1,1,1,1,0,0,1,0,1,1,0,0,0,,,,,,
R_1q8oiiFxL47RkGP,1,33,10,50,56,7,0,1,0,0,0,0,0,1,0,0,0,0,0,1,0,0,0,1,0,1,0,0,0,1,0,0,0,0,0,1,1,0,20,1,1,1,1,0,0,1,1,0,0,0,0,1,,,,,,
R_1q8oiiFxL47RkGP,1,33,10,50,56,7,0,1,0,0,0,0,0,1,0,0,0,0,0,1,0,0,0,1,0,1,0,0,0,1,0,0,0,0,0,1,1,0,20,1,1,0,1,0,0,0,0,1,1,0,0,0,,,,,,
R_1q8oiiFxL47RkGP,1,33,10,50,56,7,0,1,0,0,0,0,0,1,0,0,0,0,0,1,0,0,0,1,0,1,0,0,0,1,0,0,0,0,0,1,1,0,20,1,1,1,1,0,0,1,1,0,0,0,0,1,,,,,,
R_1q8oiiFxL47RkGP,1,33,10,50,56,7,0,1,0,0,0,0,0,1,0,0,0,0,0,1,0,0,0,1,0,1,0,0,0,1,0,0,0,0,0,1,1,0,20,1,1,1,1,0,0,1,0,1,1,0,0,0,,,,,,
R_1q8oiiFxL47RkGP,1,33,10,50,56,7,0,1,0,0,0,0,0,1,0,0,0,0,0,1,0,0,0,1,0,1,0,0,0,1,0,0,0,0,0,1,1,0,20,1,1,1,1,0,0,1,1,0,0,0,0,1,,,,,,
R_1q8oiiFxL47RkGP,1,33,10,50,56,7,0,1,0,0,0,0,0,1,0,0,0,0,0,1,0,0,0,1,0,1,0,0,0,1,0,0,0,0,0,1,1,0,20,1,1,0,0,0,0,0,0,0,1,0,0,1,,,,,,
R_1q8oiiFxL47RkGP,1,33,10,50,56,7,0,1,0,0,0,0,0,1,0,0,0,0,0,1,0,0,0,1,0,1,0,0,0,1,0,0,0,0,0,1,1,0,20,1,1,1,1,0,0,1,1,0,0,0,0,1,,,,,,
R_1q8oiiFxL47RkGP,1,33,10,50,56,7,0,1,0,0,0,0,0,1,0,0,0,0,0,1,0,0,0,1,0,1,0,0,0,1,0,0,0,0,0,1,1,0,20,1,1,1,1,0,0,1,0,1,1,0,0,0,,,,,,
R_1q8oiiFxL47RkGP,1,33,10,50,56,7,0,1,0,0,0,0,0,1,0,0,0,0,0,1,0,0,0,1,0,1,0,0,0,1,0,0,0,0,0,1,1,0,20,1,1,1,1,0,0,1,1,0,0,0,0,1,,,,,,
R_1q8oiiFxL47RkGP,1,33,10,50,56,7,0,1,0,0,0,0,0,1,0,0,0,0,0,1,0,0,0,1,0,1,0,0,0,1,0,0,0,0,0,1,1,0,20,1,1,0,1,0,0,0,0,1,1,0,0,0,,,,,,
R_1q8oiiFxL47RkGP,1,33,10,50,56,7,0,1,0,0,0,0,0,1,0,0,0,0,0,1,0,0,0,1,0,1,0,0,0,1,0,0,0,0,0,1,1,0,20,1,1,1,1,0,0,1,1,0,0,0,0,1,,,,,,
R_1q8oiiFxL47RkGP,1,33,10,50,56,7,0,1,0,0,0,0,0,1,0,0,0,0,0,1,0,0,0,1,0,1,0,0,0,1,0,0,0,0,0,1,1,0,20,1,1,1,1,0,0,1,0,1,1,0,0,0,,,,,,
R_1q8oiiFxL47RkGP,1,33,10,50,56,7,0,1,0,0,0,0,0,1,0,0,0,0,0,1,0,0,0,1,0,1,0,0,0,1,0,0,0,0,0,1,1,0,20,1,1,1,1,0,0,1,1,0,0,0,0,1,,,,,,
R_1q8oiiFxL47RkGP,1,33,10,50,56,7,0,1,0,0,0,0,0,1,0,0,0,0,0,1,0,0,0,1,0,1,0,0,0,1,0,0,0,0,0,1,1,0,20,1,1,1,1,0,0,1,1,0,0,0,0,1,,,,,,
R_1q8oiiFxL47RkGP,1,33,10,50,56,7,0,1,0,0,0,0,0,1,0,0,0,0,0,1,0,0,0,1,0,1,0,0,0,1,0,0,0,0,0,1,1,0,20,1,1,1,1,0,0,1,1,0,0,0,0,1,,,,,,
R_1q8oiiFxL47RkGP,1,33,10,50,56,7,0,1,0,0,0,0,0,1,0,0,0,0,0,1,0,0,0,1,0,1,0,0,0,1,0,0,0,0,0,1,1,0,20,1,1,1,1,0,0,1,1,0,0,0,0,1,,,,,,
R_1q8oiiFxL47RkGP,1,33,10,50,56,7,0,1,0,0,0,0,0,1,0,0,0,0,0,1,0,0,0,1,0,1,0,0,0,1,0,0,0,0,0,1,1,0,20,1,1,1,1,0,0,1,1,0,0,0,0,1,,,,,,
R_1q8oiiFxL47RkGP,1,33,10,50,56,7,0,1,0,0,0,0,0,1,0,0,0,0,0,1,0,0,0,1,0,1,0,0,0,1,0,0,0,0,0,1,1,0,20,1,1,1,1,0,1,1,1,0,0,0,0,0,,,,,,
R_1q8oiiFxL47RkGP,1,33,10,50,56,7,0,1,0,0,0,0,0,1,0,0,0,0,0,1,0,0,0,1,0,1,0,0,0,1,0,0,0,0,0,1,1,0,20,1,1,1,1,0,1,1,1,0,0,0,0,0,,,,,,
R_1q8oiiFxL47RkGP,1,33,10,50,56,7,0,1,0,0,0,0,0,1,0,0,0,0,0,1,0,0,0,1,0,1,0,0,0,1,0,0,0,0,0,1,1,0,20,1,1,1,1,0,1,1,1,0,0,0,0,0,,,,,,
R_1q8oiiFxL47RkGP,1,33,10,50,56,7,0,1,0,0,0,0,0,1,0,0,0,0,0,1,0,0,0,1,0,1,0,0,0,1,0,0,0,0,0,1,1,0,20,1,1,1,1,0,1,1,1,0,0,0,0,0,,,,,,
R_1q8oiiFxL47RkGP,1,33,10,50,56,7,0,1,0,0,0,0,0,1,0,0,0,0,0,1,0,0,0,1,0,1,0,0,0,1,0,0,0,0,0,1,1,0,20,1,1,1,1,0,1,1,1,0,0,0,0,0,,,,,,
R_1q8oiiFxL47RkGP,1,33,10,50,56,7,0,1,0,0,0,0,0,1,0,0,0,0,0,1,0,0,0,1,0,1,0,0,0,1,0,0,0,0,0,1,1,0,20,1,1,1,1,0,1,1,1,0,0,0,0,0,,,,,,
R_1q8oiiFxL47RkGP,1,33,10,50,56,7,0,1,0,0,0,0,0,1,0,0,0,0,0,1,0,0,0,1,0,1,0,0,0,1,0,0,0,0,0,1,1,0,20,1,1,1,1,0,1,1,1,0,0,0,0,0,,,,,,
R_1q8oiiFxL47RkGP,1,33,10,50,56,7,0,1,0,0,0,0,0,1,0,0,0,0,0,1,0,0,0,1,0,1,0,0,0,1,0,0,0,0,0,1,1,0,20,1,1,1,1,0,1,1,1,0,0,0,0,0,,,,,,
R_1q8oiiFxL47RkGP,1,33,10,50,56,7,0,1,0,0,0,0,0,1,0,0,0,0,0,1,0,0,0,1,0,1,0,0,0,1,0,0,0,0,0,1,1,0,20,1,1,1,1,0,1,1,1,0,0,0,0,0,,,,,,
R_1q8oiiFxL47RkGP,1,33,10,50,56,7,0,1,0,0,0,0,0,1,0,0,0,0,0,1,0,0,0,1,0,1,0,0,0,1,0,0,0,0,0,1,1,0,20,1,1,1,1,0,1,1,1,0,0,0,0,0,,,,,,
R_1q8oiiFxL47RkGP,1,33,10,50,56,7,0,1,0,0,0,0,0,1,0,0,0,0,0,1,0,0,0,1,0,1,0,0,0,1,0,0,0,0,0,1,1,0,20,1,1,1,1,0,1,1,1,0,0,0,0,0,,,,,,
R_1q8oiiFxL47RkGP,1,33,10,50,56,7,0,1,0,0,0,0,0,1,0,0,0,0,0,1,0,0,0,1,0,1,0,0,0,1,0,0,0,0,0,1,1,0,20,1,1,1,1,0,1,1,1,0,0,0,0,0,,,,,,
R_1q8oiiFxL47RkGP,1,33,10,50,56,7,0,1,0,0,0,0,0,1,0,0,0,0,0,1,0,0,0,1,0,1,0,0,0,1,0,0,0,0,0,1,1,0,20,1,1,1,1,0,1,1,1,0,0,0,0,0,,,,,,
R_1q8oiiFxL47RkGP,1,33,10,50,56,7,0,1,0,0,0,0,0,1,0,0,0,0,0,1,0,0,0,1,0,1,0,0,0,1,0,0,0,0,0,1,1,0,20,1,1,1,1,0,1,1,1,0,0,0,0,0,,,,,,
R_1q8oiiFxL47RkGP,1,33,10,50,56,7,0,1,0,0,0,0,0,1,0,0,0,0,0,1,0,0,0,1,0,1,0,0,0,1,0,0,0,0,0,1,1,0,20,1,1,1,1,0,1,1,1,0,0,0,0,0,,,,,,
R_1q8oiiFxL47RkGP,1,33,10,50,56,7,0,1,0,0,0,0,0,1,0,0,0,0,0,1,0,0,0,1,0,1,0,0,0,1,0,0,0,0,0,1,1,0,20,1,1,1,1,0,1,1,1,0,0,0,0,0,,,,,,
R_1q8oiiFxL47RkGP,1,33,10,50,56,7,0,1,0,0,0,0,0,1,0,0,0,0,0,1,0,0,0,1,0,1,0,0,0,1,0,0,0,0,0,1,1,0,20,1,1,1,1,0,1,1,1,0,0,0,0,0,,,,,,
R_1q8oiiFxL47RkGP,1,33,10,50,56,7,0,1,0,0,0,0,0,1,0,0,0,0,0,1,0,0,0,1,0,1,0,0,0,1,0,0,0,0,0,1,1,0,20,1,1,1,1,0,1,1,1,0,0,0,0,0,,,,,,
R_1q8oiiFxL47RkGP,1,33,10,50,56,7,0,1,0,0,0,0,0,1,0,0,0,0,0,1,0,0,0,1,0,1,0,0,0,1,0,0,0,0,0,1,1,0,20,1,1,1,1,0,1,1,1,0,0,0,0,0,,,,,,
R_1q8oiiFxL47RkGP,1,33,10,50,56,7,0,1,0,0,0,0,0,1,0,0,0,0,0,1,0,0,0,1,0,1,0,0,0,1,0,0,0,0,0,1,1,0,20,1,1,1,1,0,1,1,1,0,0,0,0,0,,,,,,
R_1q8oiiFxL47RkGP,1,33,10,50,56,7,0,1,0,0,0,0,0,1,0,0,0,0,0,1,0,0,0,1,0,1,0,0,0,1,0,0,0,0,0,1,1,0,20,1,1,1,1,0,1,1,1,0,0,0,0,0,,,,,,
R_1q8oiiFxL47RkGP,1,33,10,50,56,7,0,1,0,0,0,0,0,1,0,0,0,0,0,1,0,0,0,1,0,1,0,0,0,1,0,0,0,0,0,1,1,0,20,1,1,1,1,0,1,1,1,0,0,0,0,0,,,,,,
R_1q8oiiFxL47RkGP,1,33,10,50,56,7,0,1,0,0,0,0,0,1,0,0,0,0,0,1,0,0,0,1,0,1,0,0,0,1,0,0,0,0,0,1,1,0,20,1,1,1,1,0,1,1,1,0,0,0,0,0,,,,,,
R_1q8oiiFxL47RkGP,1,33,10,50,56,7,0,1,0,0,0,0,0,1,0,0,0,0,0,1,0,0,0,1,0,1,0,0,0,1,0,0,0,0,0,1,1,0,20,1,1,1,1,0,1,1,1,0,0,0,0,0,,,,,,
R_1q8oiiFxL47RkGP,1,33,10,50,56,7,0,1,0,0,0,0,0,1,0,0,0,0,0,1,0,0,0,1,0,1,0,0,0,1,0,0,0,0,0,1,1,0,20,1,1,1,1,0,1,1,1,0,0,0,0,0,,,,,,
R_1q8oiiFxL47RkGP,1,33,10,50,56,7,0,1,0,0,0,0,0,1,0,0,0,0,0,1,0,0,0,1,0,1,0,0,0,1,0,0,0,0,0,1,1,0,20,1,1,1,1,0,1,1,1,0,0,0,0,0,,,,,,
R_1q8oiiFxL47RkGP,1,33,10,50,56,7,0,1,0,0,0,0,0,1,0,0,0,0,0,1,0,0,0,1,0,1,0,0,0,1,0,0,0,0,0,1,1,0,20,1,1,1,1,0,1,1,1,0,0,0,0,0,,,,,,
R_1q8oiiFxL47RkGP,1,33,10,50,56,7,0,1,0,0,0,0,0,1,0,0,0,0,0,1,0,0,0,1,0,1,0,0,0,1,0,0,0,0,0,1,1,0,20,1,1,1,1,0,1,1,1,0,0,0,0,0,,,,,,
R_1q8oiiFxL47RkGP,1,33,10,50,56,7,0,1,0,0,0,0,0,1,0,0,0,0,0,1,0,0,0,1,0,1,0,0,0,1,0,0,0,0,0,1,1,0,20,1,1,0,1,0,0,0,0,0,0,1,0,1,,,,,,
R_1q8oiiFxL47RkGP,1,33,10,50,56,7,0,1,0,0,0,0,0,1,0,0,0,0,0,1,0,0,0,1,0,1,0,0,0,1,0,0,0,0,0,1,1,0,20,1,1,1,1,0,0,1,0,1,1,0,0,0,,,,,,
R_1q8oiiFxL47RkGP,1,33,10,50,56,7,0,1,0,0,0,0,0,1,0,0,0,0,0,1,0,0,0,1,0,1,0,0,0,1,0,0,0,0,0,1,1,0,20,1,1,0,1,0,0,0,0,1,1,0,0,0,,,,,,
R_1q8oiiFxL47RkGP,1,33,10,50,56,7,0,1,0,0,0,0,0,1,0,0,0,0,0,1,0,0,0,1,0,1,0,0,0,1,0,0,0,0,0,1,1,0,20,1,1,1,1,0,0,1,0,1,1,0,0,0,,,,,,
R_1q8oiiFxL47RkGP,1,33,10,50,56,7,0,1,0,0,0,0,0,1,0,0,0,0,0,1,0,0,0,1,0,1,0,0,0,1,0,0,0,0,0,1,1,0,20,1,1,1,1,0,1,1,1,0,0,0,0,0,,,,,,
R_1q8oiiFxL47RkGP,1,33,10,50,56,7,0,1,0,0,0,0,0,1,0,0,0,0,0,1,0,0,0,1,0,1,0,0,0,1,0,0,0,0,0,1,1,0,20,1,1,1,1,0,1,1,1,0,0,0,0,0,,,,,,
R_1q8oiiFxL47RkGP,1,33,10,50,56,7,0,1,0,0,0,0,0,1,0,0,0,0,0,1,0,0,0,1,0,1,0,0,0,1,0,0,0,0,0,1,1,0,20,1,1,1,1,0,1,1,1,0,0,0,0,0,,,,,,
R_1q8oiiFxL47RkGP,1,33,10,50,56,7,0,1,0,0,0,0,0,1,0,0,0,0,0,1,0,0,0,1,0,1,0,0,0,1,0,0,0,0,0,1,1,0,20,1,1,1,1,0,1,1,1,0,0,0,0,0,,,,,,
R_2fiB3P1217Bz85f,0,26.7,10.0,63.3,56.2,7.0,0,1,0,0,0,0,0,1,0,0,0,0,0,1,0,0,0,0,1,0,1,0,0,0,0,1,0,0,0,1,1,0,20,1,1,1,1,1,0,1,1,0,1,1,0,0,,,,,,
R_2378dzPBWuepjQc,0,6.7,30.0,53.3,56.3,7.0,1,0,0,0,1,0,1,0,0,0,0,0,0,1,0,0,1,0,0,0,1,0,0,0,0,1,0,1,1,1,0,0,20,0,0,1,1,1,0,0,0,1,1,1,0,0,,,,,,
R_ZqK11WeAKfVrpzX,0,30.0,3.3,63.3,56.4,7.0,1,0,0,0,0,0,0,1,0,0,0,1,0,0,0,0,1,0,0,0,1,0,0,0,0,1,0,0,0,1,1,0,19,1,1,0,0,0,0,0,0,1,1,1,0,0,,,,,,
R_2332wdQ1rIJ6zvf,0,16.7,10.0,70.0,56.5,6.0,0,1,0,0,0,0,0,0,1,0,0,0,1,0,0,0,0,0,1,0,1,0,0,0,1,0,0,0,0,1,1,0,21,0,0,0,1,1,0,0,0,0,1,1,0,0,,,,,,
R_2332wdQ1rIJ6zvf,0,16.7,10.0,70.0,56.5,6.0,0,1,0,0,0,0,0,0,1,0,0,0,1,0,0,0,0,0,1,0,1,0,0,0,1,0,0,0,0,1,1,0,21,0,0,0,1,1,0,0,0,0,1,1,0,0,,,,,,
R_2332wdQ1rIJ6zvf,0,16.7,10.0,70.0,56.5,6.0,0,1,0,0,0,0,0,0,1,0,0,0,1,0,0,0,0,0,1,0,1,0,0,0,1,0,0,0,0,1,1,0,21,0,0,1,1,1,0,0,0,1,1,1,0,0,,,,,,
R_2332wdQ1rIJ6zvf,0,16.7,10.0,70.0,56.5,6.0,0,1,0,0,0,0,0,0,1,0,0,0,1,0,0,0,0,0,1,0,1,0,0,0,1,0,0,0,0,1,1,0,21,0,0,0,1,1,0,1,1,0,1,1,1,0,,,,,,
R_p6QBNjfePOnSpwd,1,27,0,60,57,7,0,0,1,0,0,0,0,0,0,1,0,0,0,1,0,0,0,0,1,0,1,0,0,1,0,0,0,1,0,0,1,0,19,0,1,0,0,0,0,0,0,0,0,0,1,0,,,,,,
R_1gckJFxf5oPI8E4,0,6.7,36.7,56.7,56.9,7.0,0,0,1,0,0,0,0,1,0,0,0,0,1,0,0,0,1,0,0,0,0,1,0,0,1,0,0,1,1,1,1,0,20,0,0,0,0,1,0,0,1,0,0,1,0,0,,,,,,
R_eVv7sNVI66r6iEV,0,6.7,13.3,63.3,56.9,7.0,0,1,0,0,0,1,0,0,0,0,0,0,1,0,0,0,0,0,1,0,1,0,0,0,0,1,0,0,0,1,1,0,21,1,1,0,0,0,0,0,0,1,1,1,0,0,,,,,,
R_22EN23iO1kfmh4R,0,26.7,13.3,56.7,57.8,7.0,1,0,0,0,1,0,0,0,1,0,0,0,1,0,0,0,1,0,0,0,1,0,0,0,0,1,0,0,0,1,1,0,20,1,1,0,0,0,0,0,0,1,1,1,0,0,,,,,,
R_QnULxEr36JHiO4N,0,3.3,26.7,66.7,58.5,7.0,0,0,1,0,0,0,0,1,0,0,0,0,0,0,0,0,0,1,0,0,1,0,0,1,0,0,0,1,0,0,0,0,19,1,0,0,1,1,0,1,1,0,1,1,1,0,,,,,,
R_QnULxEr36JHiO4N,0,3.3,26.7,66.7,58.5,7.0,0,0,1,0,0,0,0,1,0,0,0,0,0,0,0,0,0,1,0,0,1,0,0,1,0,0,0,1,0,0,0,0,19,1,0,1,1,1,1,1,1,1,1,1,0,1,,,,,,
R_2diiyx8X6nKicqp,0,30.0,3.3,60.0,60.4,7.0,0,0,1,0,0,0,0,0,0,1,0,1,0,0,0,0,0,0,1,0,1,0,0,1,0,0,0,1,0,0,1,0,18,0,0,0,1,1,0,1,1,0,1,1,0,0,,,,,,
R_1NeqTNxBfKgOlDC,1,0,30,70,61,7,0,0,1,0,0,0,0,0,1,0,1,0,0,0,0,0,1,0,0,0,1,0,0,0,0,0,0,0,0,1,1,0,18,1,0,0,1,0,0,0,0,1,1,0,0,0,,,,,,
R_1nU9tc34igqDtgZ,0,6.7,3.3,63.3,61.5,7.0,0,1,0,0,0,0,1,0,0,0,0,0,0,1,0,0,0,1,0,0,1,0,0,0,0,1,0,0,0,1,1,0,22,1,1,0,1,1,0,0,0,0,1,1,0,0,,,,,,
R_3qDpOlizeif8t1l,1,20,10,67,62,7,0,0,1,0,0,0,0,0,1,0,0,0,0,1,0,0,0,0,1,0,1,0,0,0,0,1,0,0,0,1,1,0,22,0,1,0,0,1,0,0,1,0,0,0,0,0,,,,,,
R_BDLBWSN4KhHljYR,0,0.0,10.0,83.3,62.4,6.0,0,0,0,1,0,1,0,0,0,0,0,0,1,0,0,0,0,0,1,0,1,0,0,0,0,1,0,0,0,1,1,0,21,0,1,0,0,0,0,0,0,1,1,1,0,0,,,,,,
R_2yqHMlhh3f7wmRo,1,7,20,73,62,7,0,0,1,0,0,0,0,0,1,0,1,0,0,0,0,0,0,1,0,1,0,0,0,0,1,0,0,0,0,1,0,0,19,1,1,1,1,1,0,0,0,0,0,0,1,1,,,,,,
R_3LjSxcjbSkfFXn5,1,17,10,67,62,7,1,0,0,0,0,0,0,0,0,1,0,0,0,1,0,0,0,1,0,0,1,0,0,1,0,0,0,0,0,1,1,0,21,0,1,1,1,0,1,1,1,0,0,0,0,0,,,,,,
R_1DAcBweilJFnJjL,0,6.7,23.3,60.0,62.6,7.0,0,0,1,0,0,0,0,1,0,0,0,0,1,0,0,0,0,0,1,0,1,0,0,0,0,1,0,0,0,1,1,0,21,0,1,1,1,1,1,1,1,1,1,1,0,1,,,,,,
R_2BtjLliE08NvBA5,0,0.0,26.7,70.0,62.9,7.0,1,0,0,0,1,0,0,1,0,0,0,1,0,0,1,0,0,0,0,1,0,0,0,0,0,1,0,0,0,1,1,0,22,0,1,0,0,0,0,0,0,1,1,1,0,0,,,,,,
R_3MRagtgFg8QxqSb,1,0,23,77,63,6,0,0,1,0,0,0,0,0,0,1,0,1,0,0,0,0,1,0,0,1,0,0,0,1,0,0,0,0,0,1,0,0,21,0,1,1,1,0,1,1,1,0,0,0,0,0,,,,,,
R_30iSvsn8wHqf88O,0,13.3,10.0,70.0,65.0,7.0,0,1,0,0,0,0,1,0,0,0,0,0,0,1,0,0,0,0,1,0,1,0,0,0,0,1,0,1,0,1,1,1,20,0,0,0,1,1,0,1,1,0,1,1,1,0,,,,,,
R_2YK54NeuXaJXJQV,0,0.0,26.7,70.0,65.4,7.0,0,1,0,0,0,0,0,1,0,0,0,1,0,0,0,0,1,0,0,0,0,1,0,0,0,1,0,1,1,1,1,0,19,0,0,0,1,1,0,0,0,0,1,1,0,0,,,,,,
R_1HemMi52mhfjbwA,0,3.3,10.0,73.3,66.0,7.0,0,1,0,0,0,0,0,1,0,0,0,0,0,1,0,0,1,0,0,0,1,0,0,0,1,0,0,0,0,1,1,0,22,1,1,1,1,1,1,1,1,1,1,1,0,1,,,,,,
R_3p6cOY3o73NpuSI,0,3.3,13.3,76.7,66.2,7.0,0,0,1,0,1,0,0,0,1,0,0,1,0,0,0,0,1,0,0,0,1,0,0,0,1,0,0,0,1,1,1,0,20,0,0,1,1,1,0,0,0,1,1,1,0,0,,,,,,
R_3p6cOY3o73NpuSI,0,3.3,13.3,76.7,66.2,7.0,0,0,1,0,1,0,0,0,1,0,0,1,0,0,0,0,1,0,0,0,1,0,0,0,1,0,0,0,1,1,1,0,20,0,0,1,1,0,1,0,0,0,1,0,0,0,,,,,,
R_udFvuLLsrJgGy4x,1,10,13,70,67,7,0,1,0,0,0,0,0,0,1,0,0,0,1,0,0,0,1,0,0,0,1,0,0,0,0,1,0,0,0,1,1,0,22,0,1,1,0,0,1,0,0,0,0,1,0,1,,,,,,
R_2To2ShEWqDouXUf,1,20,10,70,67,7,0,0,0,1,0,1,0,0,0,0,0,0,0,1,0,0,0,1,0,0,1,0,0,0,0,1,0,0,0,1,1,0,21,1,1,1,1,1,0,1,0,1,1,1,0,1,,,,,,
R_1nN03JjTQVdf2VJ,0,3.3,16.7,76.7,68.2,7.0,0,1,0,0,0,0,0,0,1,0,0,1,0,0,0,0,0,0,1,0,1,0,0,0,0,0,1,0,0,1,1,0,19,1,1,0,0,1,0,0,1,0,0,1,1,0,,,,,,
R_1dN3TYN90UbuNbq,0,3.3,23.3,73.3,68.5,7.0,0,0,1,0,0,1,0,0,0,0,0,0,1,0,0,0,0,1,0,0,1,0,0,0,1,0,0,0,0,1,1,0,20,0,1,0,0,0,0,0,0,1,1,1,0,0,,,,,,
R_yEhk1kScRWQypR7,0,3.3,16.7,80.0,70.2,7.0,0,0,1,0,0,0,0,0,1,0,0,0,0,1,0,0,0,1,0,1,0,0,0,0,0,1,0,0,0,1,1,0,19,0,1,1,1,0,1,0,0,0,1,0,0,0,,,,,,
